X,Y,Z,formation,formation_id
-700077.221124427,4544308.012125215,296.2340087890625,Tournaisian Plutonites,34.0
-699648.3348266047,4544261.984125213,270.6520080566406,Tournaisian Plutonites,34.0
-699156.6951232146,4544191.40511591,298.3080139160156,Tournaisian Plutonites,34.0
-698662.1621769898,4544129.0405671215,263.6840209960937,Tournaisian Plutonites,34.0
-698225.9741539229,4543888.846348026,224.00001525878903,Tournaisian Plutonites,34.0
-697734.5690286948,4543804.661403593,217.0760040283203,Tournaisian Plutonites,34.0
-697256.892613768,4543672.132782771,209.34800720214844,Tournaisian Plutonites,34.0
-696780.3362624954,4543545.081986276,204.60801696777344,Tournaisian Plutonites,34.0
-696292.961546655,4543439.50272456,160.26901245117188,Tournaisian Plutonites,34.0
-695803.3965433553,4543356.956134886,180.6160125732422,Tournaisian Plutonites,34.0
-695308.1705801666,4543343.0676730685,208.14801025390625,Tournaisian Plutonites,34.0
-694843.7530526252,4543363.225120039,187.00401306152344,Tournaisian Plutonites,34.0
-694357.5768928316,4543357.482692095,166.04000854492188,Tournaisian Plutonites,34.0
-693916.2991727885,4543240.082728282,155.6070098876953,Tournaisian Plutonites,34.0
-694098.1638597153,4542813.242128895,155.5,Tournaisian Plutonites,34.0
-693891.8986094206,4542513.2755206525,156.2760009765625,Tournaisian Plutonites,34.0
-693550.5932265038,4542752.292087174,161.37200927734375,Tournaisian Plutonites,34.0
-693245.729106732,4542611.5671369545,169.12200927734375,Tournaisian Plutonites,34.0
-692915.0863743159,4542286.561532525,205.0810089111328,Tournaisian Plutonites,34.0
-692585.52544473,4541910.543456244,249.52801513671875,Tournaisian Plutonites,34.0
-692252.3429197179,4541537.757039512,205.06301879882807,Tournaisian Plutonites,34.0
-691878.5751323395,4541277.016047549,224.47702026367188,Tournaisian Plutonites,34.0
-691463.3597755982,4541338.152992316,248.697021484375,Tournaisian Plutonites,34.0
-690975.2112264724,4541246.741755598,258.6937561035156,Tournaisian Plutonites,34.0
-690481.6483809084,4541207.803466511,313.90899658203125,Tournaisian Plutonites,34.0
-690020.1032788104,4541028.370776378,311.5480041503906,Tournaisian Plutonites,34.0
-689623.0553989396,4540756.217961358,291.0680236816406,Tournaisian Plutonites,34.0
-689191.7681102579,4540571.85215996,274.48101806640625,Tournaisian Plutonites,34.0
-688696.7052161986,4540573.8371848455,291.4280090332031,Tournaisian Plutonites,34.0
-688209.6050546437,4540511.187063187,311.3520202636719,Tournaisian Plutonites,34.0
-687784.6024065926,4540736.08036558,334.49200439453125,Tournaisian Plutonites,34.0
-687401.359404043,4541037.466866805,328.4000244140625,Tournaisian Plutonites,34.0
-686926.5240081463,4541186.511783948,336.4280090332031,Tournaisian Plutonites,34.0
-686517.3150464006,4541014.139839646,341.2080078125,Tournaisian Plutonites,34.0
-686488.0021728468,4540531.988794015,359.9280090332031,Tournaisian Plutonites,34.0
-686646.8933383833,4540071.1499743005,369.4120178222656,Tournaisian Plutonites,34.0
-686550.2094557186,4539580.882753449,389.81201171875,Tournaisian Plutonites,34.0
-686431.7373798523,4539098.302233411,350.1955261230469,Tournaisian Plutonites,34.0
-686150.9100673808,4538734.853946439,313.2870178222656,Tournaisian Plutonites,34.0
-685871.5773951263,4538336.675862795,308.49200439453125,Tournaisian Plutonites,34.0
-686061.8610413239,4537917.607865374,331.156005859375,Tournaisian Plutonites,34.0
-686556.3751665467,4537884.833421228,335.7040100097656,Tournaisian Plutonites,34.0
-686999.236315255,4537719.546762675,300.8320007324219,Tournaisian Plutonites,34.0
-687447.9181209027,4537913.733169287,313.4520263671875,Tournaisian Plutonites,34.0
-687922.4767860847,4537855.7797077065,295.54901123046875,Tournaisian Plutonites,34.0
-688405.0435313823,4537848.863577054,381.9120178222656,Tournaisian Plutonites,34.0
-688818.0050075998,4538109.907666667,356.1280212402344,Tournaisian Plutonites,34.0
-689252.606459551,4538347.22101038,346.4660339355469,Tournaisian Plutonites,34.0
-689717.0133541075,4538278.557327269,346.3280029296875,Tournaisian Plutonites,34.0
-690015.6478478793,4537886.134939985,408.72601318359375,Tournaisian Plutonites,34.0
-690224.8356714648,4537468.550188446,277.4040222167969,Tournaisian Plutonites,34.0
-690609.8411279126,4537159.680414023,172.81600952148438,Tournaisian Plutonites,34.0
-690990.1568324567,4537366.63993468,155.5,Tournaisian Plutonites,34.0
-691394.4163681094,4537642.96642955,187.14801025390625,Tournaisian Plutonites,34.0
-691736.5729349786,4538006.197786346,215.2490081787109,Tournaisian Plutonites,34.0
-692230.7064934487,4538037.840755616,309.1240234375,Tournaisian Plutonites,34.0
-692682.7089757678,4538113.422856294,312.7920227050781,Tournaisian Plutonites,34.0
-693152.112287261,4538200.296331496,324.8440246582031,Tournaisian Plutonites,34.0
-693589.2566160964,4538179.976969789,367.3480224609375,Tournaisian Plutonites,34.0
-694068.8871288283,4538047.327335261,362.6875,Tournaisian Plutonites,34.0
-694501.5414430094,4537807.50062136,349.3970031738281,Tournaisian Plutonites,34.0
-694930.8274000123,4537558.668421895,322.2090148925781,Tournaisian Plutonites,34.0
-695286.6127115485,4537392.019447259,327.7480163574219,Tournaisian Plutonites,34.0
-695497.3539248914,4536942.93225075,359.0000305175781,Tournaisian Plutonites,34.0
-695739.9495311847,4536523.456533946,316.64801025390625,Tournaisian Plutonites,34.0
-695475.5105391596,4536114.929480741,298.0,Tournaisian Plutonites,34.0
-694995.4175917525,4536051.523607144,314.541015625,Tournaisian Plutonites,34.0
-694592.099444166,4535799.028419318,293.9820251464844,Tournaisian Plutonites,34.0
-694312.3481908245,4535409.41968663,322.3760070800781,Tournaisian Plutonites,34.0
-694037.8889701224,4535261.281814026,276.6840209960937,Tournaisian Plutonites,34.0
-693674.9542236519,4535183.666054386,277.78399658203125,Tournaisian Plutonites,34.0
-693218.7980169876,4535099.804362704,287.6440124511719,Tournaisian Plutonites,34.0
-692858.4970297775,4535144.797112289,287.52001953125,Tournaisian Plutonites,34.0
-692554.0758107223,4534748.153743259,313.7760009765625,Tournaisian Plutonites,34.0
-692252.0560763372,4534349.821635383,342.552001953125,Tournaisian Plutonites,34.0
-691972.4776407083,4533935.2906976575,355.75799560546875,Tournaisian Plutonites,34.0
-691595.1622428576,4533834.160992575,323.9040222167969,Tournaisian Plutonites,34.0
-691180.4825737429,4533818.500914819,287.2650146484375,Tournaisian Plutonites,34.0
-691141.2814600174,4533326.484081992,315.176025390625,Tournaisian Plutonites,34.0
-691179.5057086962,4532968.258193975,259.6910095214844,Tournaisian Plutonites,34.0
-690683.7223875191,4532904.797206258,178.3412628173828,Tournaisian Plutonites,34.0
-690642.8576066107,4532812.837815826,164.0600128173828,Tournaisian Plutonites,34.0
-691103.0918575194,4532617.929862275,216.6830139160156,Tournaisian Plutonites,34.0
-691558.8967035381,4532418.362531711,278.4200134277344,Tournaisian Plutonites,34.0
-692011.1569429461,4532238.238886749,282.6990051269531,Tournaisian Plutonites,34.0
-692463.4599447021,4532043.144181556,263.8919982910156,Tournaisian Plutonites,34.0
-692955.8441917279,4532106.938952949,271.0600280761719,Tournaisian Plutonites,34.0
-693453.201404913,4532127.764162253,244.156005859375,Tournaisian Plutonites,34.0
-693946.3435728092,4532200.249872123,255.1800079345703,Tournaisian Plutonites,34.0
-694351.8079844575,4532387.053369893,280.2960205078125,Tournaisian Plutonites,34.0
-694668.6011323495,4532750.741642433,310.4800109863281,Tournaisian Plutonites,34.0
-695061.0378876214,4533054.409615832,275.947998046875,Tournaisian Plutonites,34.0
-695530.8943881239,4533194.48641778,262.4440002441406,Tournaisian Plutonites,34.0
-695912.0907350582,4533516.890473021,265.8680114746094,Tournaisian Plutonites,34.0
-696332.7804403877,4533775.624144478,242.7280120849609,Tournaisian Plutonites,34.0
-696664.1680635693,4534020.534070334,236.95201110839844,Tournaisian Plutonites,34.0
-697127.2592560122,4533877.566449094,239.75601196289065,Tournaisian Plutonites,34.0
-697594.9468197784,4533988.884038215,246.2400054931641,Tournaisian Plutonites,34.0
-698094.2756644725,4534012.007423403,262.2640075683594,Tournaisian Plutonites,34.0
-698566.4053257155,4533983.917109434,264.9640197753906,Tournaisian Plutonites,34.0
-698155.2304763561,4533699.437164071,283.0840148925781,Tournaisian Plutonites,34.0
-697745.6666209014,4533412.631570846,274.6990051269531,Tournaisian Plutonites,34.0
-697329.1168831025,4533136.138239672,272.4200134277344,Tournaisian Plutonites,34.0
-696907.6029956628,4532867.622382337,262.8320007324219,Tournaisian Plutonites,34.0
-696465.1481617602,4532634.853856221,243.7160186767578,Tournaisian Plutonites,34.0
-696010.8984743415,4532430.841314897,230.2360076904297,Tournaisian Plutonites,34.0
-695549.3152335015,4532262.504269165,222.18325805664065,Tournaisian Plutonites,34.0
-695069.6353711892,4532147.041429718,235.68801879882807,Tournaisian Plutonites,34.0
-694573.5906438007,4532175.420075808,242.82400512695312,Tournaisian Plutonites,34.0
-694132.9182958248,4532090.377807383,252.08001708984372,Tournaisian Plutonites,34.0
-693789.8645341609,4531775.311037656,223.7200164794922,Tournaisian Plutonites,34.0
-693336.2015793676,4531582.623993131,226.6120147705078,Tournaisian Plutonites,34.0
-692843.3244936075,4531548.988277723,263.6840209960937,Tournaisian Plutonites,34.0
-692344.397575462,4531557.42882212,255.28001403808597,Tournaisian Plutonites,34.0
-691847.6391215813,4531510.088552799,300.10400390625,Tournaisian Plutonites,34.0
-691352.6126249237,4531460.416592529,294.072021484375,Tournaisian Plutonites,34.0
-690892.4840106987,4531273.010181401,324.7880249023437,Tournaisian Plutonites,34.0
-690427.7834021597,4531091.555466672,312.4580078125,Tournaisian Plutonites,34.0
-689932.6782284275,4531058.5533862,346.2400207519531,Tournaisian Plutonites,34.0
-689480.9640462447,4530855.986589739,311.6410217285156,Tournaisian Plutonites,34.0
-689039.7447237693,4530628.182367805,314.2670288085937,Tournaisian Plutonites,34.0
-688695.036680311,4530278.617229396,298.7300109863281,Tournaisian Plutonites,34.0
-688231.6911593189,4530198.816192618,283.5080261230469,Tournaisian Plutonites,34.0
-687758.6749378525,4530087.242085826,290.7900390625,Tournaisian Plutonites,34.0
-687263.7846905598,4530032.124777692,314.0350036621094,Tournaisian Plutonites,34.0
-686774.0694399807,4529942.510524927,318.4340209960937,Tournaisian Plutonites,34.0
-686277.7902316906,4529888.899938079,338.2250061035156,Tournaisian Plutonites,34.0
-685803.1297006018,4529756.035385892,356.72003173828125,Tournaisian Plutonites,34.0
-685315.285608188,4529761.49939122,337.4280090332031,Tournaisian Plutonites,34.0
-684830.5101949295,4529870.040720856,231.05601501464844,Tournaisian Plutonites,34.0
-684425.3887127368,4529836.8700781055,240.9960174560547,Tournaisian Plutonites,34.0
-684115.692230399,4529444.58780833,286.32000732421875,Tournaisian Plutonites,34.0
-684158.9734790748,4529227.609712023,303.13201904296875,Tournaisian Plutonites,34.0
-684658.676507099,4529210.379396198,336.9760131835937,Tournaisian Plutonites,34.0
-685158.3795351232,4529193.149080374,324.5870056152344,Tournaisian Plutonites,34.0
-685658.0825631474,4529175.918764549,352.2680053710937,Tournaisian Plutonites,34.0
-686157.7855911717,4529158.688448725,331.8160095214844,Tournaisian Plutonites,34.0
-686657.4886191959,4529141.4581329,325.35601806640625,Tournaisian Plutonites,34.0
-687157.1916472202,4529124.227817075,309.4560241699219,Tournaisian Plutonites,34.0
-687656.8946752443,4529106.997501251,289.8520202636719,Tournaisian Plutonites,34.0
-688156.5977032685,4529089.767185426,282.1280212402344,Tournaisian Plutonites,34.0
-688656.3007312928,4529072.536869601,264.7760009765625,Tournaisian Plutonites,34.0
-689156.003759317,4529055.306553776,228.6300048828125,Tournaisian Plutonites,34.0
-689655.7067873413,4529038.076237951,210.7700042724609,Tournaisian Plutonites,34.0
-690155.4098153654,4529020.845922127,208.41200256347656,Tournaisian Plutonites,34.0
-690655.1128433897,4529003.615606302,216.7120056152344,Tournaisian Plutonites,34.0
-691154.8158714139,4528986.385290477,195.4560089111328,Tournaisian Plutonites,34.0
-691643.5540447927,4528969.533055029,205.66000366210935,Tournaisian Plutonites,34.0
-692143.257072817,4528952.302739205,235.82400512695312,Tournaisian Plutonites,34.0
-692642.9601008411,4528935.07242338,228.29600524902344,Tournaisian Plutonites,34.0
-693142.6631288654,4528917.842107555,239.11001586914065,Tournaisian Plutonites,34.0
-693642.3661568896,4528900.61179173,262.8070068359375,Tournaisian Plutonites,34.0
-694142.0691849139,4528883.381475906,298.5150146484375,Tournaisian Plutonites,34.0
-694641.772212938,4528866.151160081,295.5710144042969,Tournaisian Plutonites,34.0
-695141.4752409623,4528848.920844256,297.7710266113281,Tournaisian Plutonites,34.0
-695641.1782689865,4528831.690528432,291.3170166015625,Tournaisian Plutonites,34.0
-696017.5466322278,4528971.244551275,296.82403564453125,Tournaisian Plutonites,34.0
-696462.7336458281,4529192.532276778,327.8080139160156,Tournaisian Plutonites,34.0
-696796.7016551633,4529149.657163455,310.6280212402344,Tournaisian Plutonites,34.0
-697204.7519163005,4529284.80234983,306.3800048828125,Tournaisian Plutonites,34.0
-696987.013494611,4529472.704213114,278.7640075683594,Tournaisian Plutonites,34.0
-696567.4535894475,4529741.737652583,265.77001953125,Tournaisian Plutonites,34.0
-696162.3575552165,4529931.250704428,253.50401306152344,Tournaisian Plutonites,34.0
-695749.7060237143,4530175.64836629,254.7840118408203,Tournaisian Plutonites,34.0
-695283.7399941991,4530356.049398001,237.0600128173828,Tournaisian Plutonites,34.0
-694814.794042993,4530527.289167885,223.57101440429688,Tournaisian Plutonites,34.0
-694409.6284121511,4530745.567626831,213.7140045166016,Tournaisian Plutonites,34.0
-694517.2867797555,4531074.369016591,217.74400329589844,Tournaisian Plutonites,34.0
-695010.3861434822,4531151.820993064,236.35601806640625,Tournaisian Plutonites,34.0
-695506.494208328,4531106.213167687,247.4200134277344,Tournaisian Plutonites,34.0
-695999.907679173,4531026.963541583,264.4540100097656,Tournaisian Plutonites,34.0
-696495.810642249,4530970.971495662,272.7799987792969,Tournaisian Plutonites,34.0
-696992.7661501924,4530965.136401677,292.4960021972656,Tournaisian Plutonites,34.0
-697492.2616438272,4530968.76006819,322.5760192871094,Tournaisian Plutonites,34.0
-697990.3811122419,4530930.126052499,377.416015625,Tournaisian Plutonites,34.0
-698484.8970912541,4530859.690578875,387.26800537109375,Tournaisian Plutonites,34.0
-698961.0167611018,4530710.378677767,387.0960083007813,Tournaisian Plutonites,34.0
-699447.5455750568,4530632.405563867,396.6920166015625,Tournaisian Plutonites,34.0
-699936.1230403082,4530731.203214241,413.5880126953125,Tournaisian Plutonites,34.0
-700432.9474367383,4530695.723042613,368.416015625,Tournaisian Plutonites,34.0
-700925.5797978531,4530655.743602405,354.96099853515625,Tournaisian Plutonites,34.0
-701423.3963735673,4530657.322733896,404.1637573242188,Tournaisian Plutonites,34.0
-701920.2948482912,4530692.808042097,355.88427734375,Tournaisian Plutonites,34.0
-702400.4659044973,4530731.974753828,344.26202392578125,Tournaisian Plutonites,34.0
-702869.3549698197,4530836.52703071,396.7440185546875,Tournaisian Plutonites,34.0
-703360.1939753841,4530765.54675063,379.4320068359375,Tournaisian Plutonites,34.0
-703845.3297450686,4530879.704648599,361.0160217285156,Tournaisian Plutonites,34.0
-704337.2368673387,4530963.270151797,335.8160095214844,Tournaisian Plutonites,34.0
-704793.9834207552,4531161.252333399,322.864013671875,Tournaisian Plutonites,34.0
-705198.3992661178,4531366.066643287,325.56402587890625,Tournaisian Plutonites,34.0
-705636.5190101952,4531606.224514711,335.0790405273437,Tournaisian Plutonites,34.0
-706099.6285336898,4531792.876862884,353.7300109863281,Tournaisian Plutonites,34.0
-706571.7500866841,4531956.10698651,350.9000244140625,Tournaisian Plutonites,34.0
-706933.029575516,4532244.271291452,330.093017578125,Tournaisian Plutonites,34.0
-706950.8597061111,4532743.953276761,352.16802978515625,Tournaisian Plutonites,34.0
-706968.6898367062,4533243.635262071,381.0480041503906,Tournaisian Plutonites,34.0
-706986.5199673013,4533743.3172473805,459.3360290527344,Tournaisian Plutonites,34.0
-707004.3500978963,4534242.99923269,484.4120178222656,Tournaisian Plutonites,34.0
-707022.1802284914,4534742.681217999,445.52001953125,Tournaisian Plutonites,34.0
-707040.0103590866,4535242.3632033095,387.2550354003906,Tournaisian Plutonites,34.0
-707057.8404896816,4535742.045188619,377.7620239257813,Tournaisian Plutonites,34.0
-707075.6706202767,4536241.727173928,387.4240112304688,Tournaisian Plutonites,34.0
-707093.5007508718,4536741.409159238,394.2560119628906,Tournaisian Plutonites,34.0
-707111.1806307349,4537236.880430349,358.8520202636719,Tournaisian Plutonites,34.0
-707129.01076133,4537736.5624156585,394.864013671875,Tournaisian Plutonites,34.0
-707146.8408919252,4538236.244400968,434.47601318359375,Tournaisian Plutonites,34.0
-707164.6710225203,4538735.926386278,448.3040161132813,Tournaisian Plutonites,34.0
-707182.5011531153,4539235.608371588,443.8857727050781,Tournaisian Plutonites,34.0
-707200.3312837104,4539735.290356897,409.7160034179688,Tournaisian Plutonites,34.0
-707218.1614143056,4540234.972342207,331.4510192871094,Tournaisian Plutonites,34.0
-707235.9915449006,4540734.654327516,330.29400634765625,Tournaisian Plutonites,34.0
-707253.7718065707,4541232.938756969,338.9490051269531,Tournaisian Plutonites,34.0
-707271.6019371658,4541732.620742278,354.59503173828125,Tournaisian Plutonites,34.0
-707289.432067761,4542232.302727588,363.05902099609375,Tournaisian Plutonites,34.0
-707307.262198356,4542731.984712898,380.666015625,Tournaisian Plutonites,34.0
-707325.0923289511,4543231.666698207,395.7950439453125,Tournaisian Plutonites,34.0
-707342.9224595462,4543731.3486835165,396.2920227050781,Tournaisian Plutonites,34.0
-707360.7525901413,4544231.030668826,412.9200134277344,Tournaisian Plutonites,34.0
-707378.5827207364,4544730.712654136,448.8280334472656,Tournaisian Plutonites,34.0
-707396.4128513315,4545230.3946394455,465.7360229492188,Tournaisian Plutonites,34.0
-707414.2429819265,4545730.076624755,485.9390258789063,Tournaisian Plutonites,34.0
-707432.0731125217,4546229.758610065,457.2500305175781,Tournaisian Plutonites,34.0
-707449.9032431168,4546729.440595374,418.9800109863281,Tournaisian Plutonites,34.0
-707467.7333737118,4547229.122580684,408.416015625,Tournaisian Plutonites,34.0
-707485.563504307,4547728.804565993,389.156005859375,Tournaisian Plutonites,34.0
-707503.393634902,4548228.486551303,432.5880126953125,Tournaisian Plutonites,34.0
-707521.2237654971,4548728.168536613,336.80401611328125,Tournaisian Plutonites,34.0
-707241.5264253239,4548918.668647904,317.8760070800781,Tournaisian Plutonites,34.0
-706834.9073821635,4548830.331343589,305.5267639160156,Tournaisian Plutonites,34.0
-706448.146652686,4548787.080511703,354.4280090332031,Tournaisian Plutonites,34.0
-705964.6069068405,4548689.43669913,359.3800048828125,Tournaisian Plutonites,34.0
-705614.4055387393,4548594.771656665,361.3980102539063,Tournaisian Plutonites,34.0
-705360.3232639043,4548257.357410121,362.6645202636719,Tournaisian Plutonites,34.0
-705004.5692628156,4548052.597027188,380.7560119628906,Tournaisian Plutonites,34.0
-704879.029730772,4547583.762095324,419.9830322265625,Tournaisian Plutonites,34.0
-704766.9048797432,4547112.969190736,504.5600280761719,Tournaisian Plutonites,34.0
-704502.67040059,4546877.442887766,445.3760070800781,Tournaisian Plutonites,34.0
-704176.277097028,4546603.008768216,479.5400085449219,Tournaisian Plutonites,34.0
-704083.151613892,4546114.647850981,455.78802490234375,Tournaisian Plutonites,34.0
-704449.1995150598,4545863.346848257,444.1440124511719,Tournaisian Plutonites,34.0
-704851.5241172401,4545865.611570748,451.0920104980469,Tournaisian Plutonites,34.0
-705338.2834048168,4545762.959821975,450.1110229492188,Tournaisian Plutonites,34.0
-705299.634987804,4545403.910396956,414.8040161132813,Tournaisian Plutonites,34.0
-704890.1428647651,4545529.906805888,435.8410034179688,Tournaisian Plutonites,34.0
-704487.6619605859,4545556.804402241,428.46002197265625,Tournaisian Plutonites,34.0
-704001.4706798763,4545506.985555548,410.4520263671875,Tournaisian Plutonites,34.0
-703533.120356514,4545375.066851037,400.2920227050781,Tournaisian Plutonites,34.0
-703176.1086127607,4545176.390096241,385.9737548828125,Tournaisian Plutonites,34.0
-702688.0496600838,4545174.539206651,378.2020263671875,Tournaisian Plutonites,34.0
-702206.7309233013,4545068.096488415,373.0280151367188,Tournaisian Plutonites,34.0
-702133.382579739,4544959.31444653,366.4140319824219,Tournaisian Plutonites,34.0
-702627.8854084545,4544904.453643026,373.3935241699219,Tournaisian Plutonites,34.0
-703111.9202344606,4544846.391356871,375.7400207519531,Tournaisian Plutonites,34.0
-702860.7499827505,4544414.066333971,387.4900207519531,Tournaisian Plutonites,34.0
-702592.8788571924,4543991.963786569,363.0280151367188,Tournaisian Plutonites,34.0
-702368.3728830258,4543547.3151905965,389.8680114746094,Tournaisian Plutonites,34.0
-702436.7569513716,4543110.830820557,406.885009765625,Tournaisian Plutonites,34.0
-702360.280437431,4542620.559886106,375.9810180664063,Tournaisian Plutonites,34.0
-701982.1924375191,4542405.460776001,370.0640258789063,Tournaisian Plutonites,34.0
-701566.9911762074,4542651.167347076,395.3400268554688,Tournaisian Plutonites,34.0
-701278.8291807076,4543049.915566436,391.3370056152344,Tournaisian Plutonites,34.0
-701046.414071732,4543487.38031523,364.9240112304688,Tournaisian Plutonites,34.0
-700958.6574091977,4543976.60139463,330.32000732421875,Tournaisian Plutonites,34.0
-700670.4543893745,4544286.11033473,306.3720092773437,Tournaisian Plutonites,34.0
-700187.4355552763,4544229.533917047,282.447021484375,Tournaisian Plutonites,34.0
-697203.4954334906,4549290.563718323,188.3077545166016,Tournaisian Plutonites,35.0
-696703.7955268889,4549307.884322882,252.60525512695312,Tournaisian Plutonites,35.0
-696204.0956202873,4549325.204927441,342.84002685546875,Tournaisian Plutonites,35.0
-695704.3957136857,4549342.525532001,366.842041015625,Tournaisian Plutonites,35.0
-695204.695807084,4549359.84613656,373.5780334472656,Tournaisian Plutonites,35.0
-694704.9959004823,4549377.166741119,315.9350280761719,Tournaisian Plutonites,35.0
-694205.2959938807,4549394.487345678,379.3970336914063,Tournaisian Plutonites,35.0
-693705.596087279,4549411.807950238,390.0760192871094,Tournaisian Plutonites,35.0
-693205.8961806773,4549429.128554797,328.7030029296875,Tournaisian Plutonites,35.0
-692706.1962740758,4549446.449159356,334.1310119628906,Tournaisian Plutonites,35.0
-692206.4963674741,4549463.769763915,422.9560241699219,Tournaisian Plutonites,35.0
-691706.7964608724,4549481.090368475,446.7400207519531,Tournaisian Plutonites,35.0
-691207.0965542707,4549498.410973034,450.4880065917969,Tournaisian Plutonites,35.0
-690707.3966476691,4549515.731577593,461.22802734375,Tournaisian Plutonites,35.0
-690207.6967410675,4549533.052182152,456.6440124511719,Tournaisian Plutonites,35.0
-689707.9968344658,4549550.372786712,464.3680114746094,Tournaisian Plutonites,35.0
-689208.2969278641,4549567.693391271,497.781005859375,Tournaisian Plutonites,35.0
-688708.5970212625,4549585.01399583,486.5937805175781,Tournaisian Plutonites,35.0
-688208.8971146608,4549602.334600389,474.7850341796875,Tournaisian Plutonites,35.0
-687709.1972080591,4549619.655204948,440.3310241699219,Tournaisian Plutonites,35.0
-687209.4973014576,4549636.975809508,409.009033203125,Tournaisian Plutonites,35.0
-686709.7973948559,4549654.296414067,414.2760314941406,Tournaisian Plutonites,35.0
-686210.0974882542,4549671.617018626,406.66302490234375,Tournaisian Plutonites,35.0
-685710.3975816525,4549688.937623185,381.5000305175781,Tournaisian Plutonites,35.0
-685210.6976750509,4549706.258227745,357.8440246582031,Tournaisian Plutonites,35.0
-684710.9977684492,4549723.578832304,386.4390258789063,Tournaisian Plutonites,35.0
-684211.2978618476,4549740.899436863,359.92401123046875,Tournaisian Plutonites,35.0
-683711.597955246,4549758.220041422,333.4000244140625,Tournaisian Plutonites,35.0
-683211.8980486443,4549775.540645982,334.75201416015625,Tournaisian Plutonites,35.0
-682712.1981420426,4549792.861250541,293.7640075683594,Tournaisian Plutonites,35.0
-682212.4982354409,4549810.1818551,339.23602294921875,Tournaisian Plutonites,35.0
-681712.7983288394,4549827.502459659,353.572021484375,Tournaisian Plutonites,35.0
-681213.0984222377,4549844.823064218,389.77001953125,Tournaisian Plutonites,35.0
-680713.398515636,4549862.143668778,415.5500183105469,Tournaisian Plutonites,35.0
-680213.6986090344,4549879.464273337,418.8560180664063,Tournaisian Plutonites,35.0
-679713.9987024327,4549896.784877896,434.3440246582031,Tournaisian Plutonites,35.0
-679214.298795831,4549914.105482455,456.7560119628906,Tournaisian Plutonites,35.0
-678714.5988892294,4549931.426087015,465.5520324707031,Tournaisian Plutonites,35.0
-678214.8989826278,4549948.746691574,483.3480224609375,Tournaisian Plutonites,35.0
-678178.0523860296,4549470.859029533,484.43603515625,Tournaisian Plutonites,35.0
-678161.6209751008,4548971.129093733,491.51800537109375,Tournaisian Plutonites,35.0
-678145.189564172,4548471.399157933,501.873779296875,Tournaisian Plutonites,35.0
-678128.7581532431,4547971.669222132,507.5895385742188,Tournaisian Plutonites,35.0
-678112.3267423143,4547471.939286333,465.60205078125,Tournaisian Plutonites,35.0
-678095.8953313854,4546972.209350532,417.7970275878906,Tournaisian Plutonites,35.0
-678079.4639204566,4546472.479414732,451.3680419921875,Tournaisian Plutonites,35.0
-678063.0325095278,4545972.749478932,480.5080261230469,Tournaisian Plutonites,35.0
-678046.6010985989,4545473.019543132,420.0040283203125,Tournaisian Plutonites,35.0
-678030.1696876701,4544973.289607331,404.5400085449219,Tournaisian Plutonites,35.0
-678013.7382767412,4544473.559671531,359.7490234375,Tournaisian Plutonites,35.0
-677997.3068658123,4543973.829735731,359.760009765625,Tournaisian Plutonites,35.0
-677980.8754548834,4543474.099799931,351.1400146484375,Tournaisian Plutonites,35.0
-677964.4440439546,4542974.36986413,344.1190185546875,Tournaisian Plutonites,35.0
-677948.0126330258,4542474.639928331,319.7279968261719,Tournaisian Plutonites,35.0
-677931.5812220969,4541974.90999253,310.7440185546875,Tournaisian Plutonites,35.0
-677915.149811168,4541475.18005673,294.80401611328125,Tournaisian Plutonites,35.0
-677898.7184002392,4540975.45012093,285.4840087890625,Tournaisian Plutonites,35.0
-678128.0431155021,4540660.323429356,270.5240173339844,Tournaisian Plutonites,35.0
-678535.7291726718,4540721.154255551,286.15802001953125,Tournaisian Plutonites,35.0
-678975.5486931015,4540483.333336689,271.4760131835937,Tournaisian Plutonites,35.0
-679193.2067347608,4540519.669815556,285.0160217285156,Tournaisian Plutonites,35.0
-679161.6427160186,4540981.489903313,282.1640014648437,Tournaisian Plutonites,35.0
-679483.8204935176,4541306.863156692,292.9840087890625,Tournaisian Plutonites,35.0
-679905.0954452353,4541546.700874375,302.40802001953125,Tournaisian Plutonites,35.0
-680348.4719956134,4541695.055659332,313.36700439453125,Tournaisian Plutonites,35.0
-680748.7217367652,4541954.132026187,313.3372497558594,Tournaisian Plutonites,35.0
-681229.7907886592,4542063.496198462,311.7240295410156,Tournaisian Plutonites,35.0
-681648.2097213359,4542324.722648006,297.81201171875,Tournaisian Plutonites,35.0
-682054.3423058061,4542610.672374531,283.2239990234375,Tournaisian Plutonites,35.0
-682527.2795238385,4542724.71303606,298.7340087890625,Tournaisian Plutonites,35.0
-683005.0405585727,4542855.30440289,278.6390075683594,Tournaisian Plutonites,35.0
-683483.2129573413,4542785.932106437,263.8000183105469,Tournaisian Plutonites,35.0
-683918.8387759136,4542591.187728512,297.6800231933594,Tournaisian Plutonites,35.0
-684337.9103891321,4542359.474579436,324.2840270996094,Tournaisian Plutonites,35.0
-684802.3090369247,4542397.670554634,292.9460144042969,Tournaisian Plutonites,35.0
-685282.4330924522,4542459.668858269,295.2230224609375,Tournaisian Plutonites,35.0
-685737.6979410172,4542615.230287179,300.6390075683594,Tournaisian Plutonites,35.0
-686228.1261196014,4542703.357837376,306.3520202636719,Tournaisian Plutonites,35.0
-686714.3419942671,4542590.427956039,352.9280090332031,Tournaisian Plutonites,35.0
-687205.1671385512,4542562.032272478,352.2240295410156,Tournaisian Plutonites,35.0
-687658.495599708,4542770.427299452,372.54400634765625,Tournaisian Plutonites,35.0
-688130.990994455,4542842.41022077,377.9040222167969,Tournaisian Plutonites,35.0
-688613.9726193525,4542916.787272986,367.4920043945313,Tournaisian Plutonites,35.0
-689068.3489061884,4543108.515527231,368.9280090332031,Tournaisian Plutonites,35.0
-689307.1210748054,4543509.785440412,322.10601806640625,Tournaisian Plutonites,35.0
-689645.4988359128,4543829.061093628,296.9480285644531,Tournaisian Plutonites,35.0
-690039.8322581857,4544073.040293031,257.2400207519531,Tournaisian Plutonites,35.0
-690355.999818792,4544442.691384448,297.7640075683594,Tournaisian Plutonites,35.0
-690806.0144348125,4544653.799534449,283.13702392578125,Tournaisian Plutonites,35.0
-691280.7237116239,4544544.002818923,252.43251037597656,Tournaisian Plutonites,35.0
-691747.3616300763,4544377.655663257,239.9400177001953,Tournaisian Plutonites,35.0
-692176.9767862754,4544134.555374589,231.8520050048828,Tournaisian Plutonites,35.0
-692480.1200780397,4544361.741706689,285.9090270996094,Tournaisian Plutonites,35.0
-692602.6675982539,4544840.528492513,359.4760131835937,Tournaisian Plutonites,35.0
-692396.008066447,4545233.833893985,398.0360107421875,Tournaisian Plutonites,35.0
-692478.3617051403,4545531.476675657,410.1120300292969,Tournaisian Plutonites,35.0
-692942.3370596415,4545465.036378584,353.8760070800781,Tournaisian Plutonites,35.0
-693263.6483627984,4545081.944945028,300.5480041503906,Tournaisian Plutonites,35.0
-693580.8762549113,4544699.27410191,283.1669921875,Tournaisian Plutonites,35.0
-694038.2355818151,4544855.367789483,326.239013671875,Tournaisian Plutonites,35.0
-694167.7307352241,4545231.444022089,302.9800109863281,Tournaisian Plutonites,35.0
-694583.8351472401,4545015.922245328,284.8670349121094,Tournaisian Plutonites,35.0
-695036.2249854745,4544811.97741032,230.8710021972656,Tournaisian Plutonites,35.0
-695422.255227366,4545097.704915423,165.39601135253906,Tournaisian Plutonites,35.0
-695791.0822092779,4545013.846898708,210.6720123291016,Tournaisian Plutonites,35.0
-696262.8676142818,4545135.057506571,262.3520202636719,Tournaisian Plutonites,35.0
-696677.3212003433,4545390.199740269,292.4880065917969,Tournaisian Plutonites,35.0
-697061.396428526,4545673.925679308,248.26101684570312,Tournaisian Plutonites,35.0
-697555.0673734527,4545700.271390817,273.156005859375,Tournaisian Plutonites,35.0
-697992.018764116,4545476.769808506,308.1000061035156,Tournaisian Plutonites,35.0
-698348.8039094697,4545136.197994189,292.2890319824219,Tournaisian Plutonites,35.0
-698657.2934722392,4544745.631773731,363.6600036621094,Tournaisian Plutonites,35.0
-699095.4576406806,4544512.382432783,329.9320068359375,Tournaisian Plutonites,35.0
-699566.2092704814,4544616.489384225,330.5800170898437,Tournaisian Plutonites,35.0
-700039.6472144786,4544751.906324943,301.2560119628906,Tournaisian Plutonites,35.0
-700423.8638430766,4544977.962094902,388.260009765625,Tournaisian Plutonites,35.0
-700238.5806504244,4545229.1773490505,343.1800231933594,Tournaisian Plutonites,35.0
-700213.2700566084,4545401.074435526,336.2040100097656,Tournaisian Plutonites,35.0
-700683.3645326459,4545465.877923351,394.2200317382813,Tournaisian Plutonites,35.0
-701130.2465083741,4545625.25963634,409.4850158691406,Tournaisian Plutonites,35.0
-701625.4444365525,4545585.781550106,431.7450256347656,Tournaisian Plutonites,35.0
-702116.3108625474,4545609.316072035,402.2850036621094,Tournaisian Plutonites,35.0
-702188.8475499171,4546055.609063199,446.1400146484375,Tournaisian Plutonites,35.0
-702080.4436379257,4546516.838638819,342.9250183105469,Tournaisian Plutonites,35.0
-701804.9391278601,4546912.503169856,408.9120178222656,Tournaisian Plutonites,35.0
-701466.5898506815,4547072.328339609,345.6960144042969,Tournaisian Plutonites,35.0
-701015.222277974,4547208.44752592,320.9560241699219,Tournaisian Plutonites,35.0
-700879.8092260835,4547376.539270056,273.6289978027344,Tournaisian Plutonites,35.0
-701336.4061859284,4547555.851361331,295.875,Tournaisian Plutonites,35.0
-701827.1059212212,4547501.5702376375,297.5650329589844,Tournaisian Plutonites,35.0
-702190.4855503251,4547761.187199305,314.4720153808594,Tournaisian Plutonites,35.0
-702593.1210720554,4547973.450189464,323.07501220703125,Tournaisian Plutonites,35.0
-702643.0944497964,4548154.341567169,339.83203125,Tournaisian Plutonites,35.0
-702209.7785911796,4548367.82870911,340.9200134277344,Tournaisian Plutonites,35.0
-701742.1409219813,4548526.400140009,345.20001220703125,Tournaisian Plutonites,35.0
-701396.9698360295,4548555.962168786,362.7480163574219,Tournaisian Plutonites,35.0
-700949.8694316153,4548777.905288354,373.4040222167969,Tournaisian Plutonites,35.0
-700604.037643845,4548858.378643467,376.968017578125,Tournaisian Plutonites,35.0
-700122.4487703694,4548935.99220039,330.6120300292969,Tournaisian Plutonites,35.0
-699636.7443405096,4548997.766362852,278.0400085449219,Tournaisian Plutonites,35.0
-699146.1773985397,4549066.297234857,236.01600646972656,Tournaisian Plutonites,35.0
-698716.3165860402,4549238.126292168,212.4580078125,Tournaisian Plutonites,35.0
-698216.6166794385,4549255.446896727,190.40499877929688,Tournaisian Plutonites,35.0
-697716.9167728369,4549272.767501286,215.3090057373047,Tournaisian Plutonites,35.0
-697217.2168662352,4549290.088105845,195.812255859375,Tournaisian Plutonites,35.0
-697964.8752325705,4547637.761815658,189.88400268554688,Tournaisian Plutonites,36.0
-698456.5910834839,4547672.573131707,218.02801513671875,Tournaisian Plutonites,36.0
-698921.1722984225,4547758.997259321,245.656005859375,Tournaisian Plutonites,36.0
-699410.1447624802,4547761.310245535,236.0120086669922,Tournaisian Plutonites,36.0
-699905.9296702535,4547708.418688497,283.63201904296875,Tournaisian Plutonites,36.0
-699940.9809564132,4547439.184572941,291.8000183105469,Tournaisian Plutonites,36.0
-699458.3398567702,4547368.042394883,287.302001953125,Tournaisian Plutonites,36.0
-698965.405539573,4547414.741280429,320.46002197265625,Tournaisian Plutonites,36.0
-698476.1107268186,4547340.042808569,232.468017578125,Tournaisian Plutonites,36.0
-697999.7346641378,4547192.688595221,181.14601135253903,Tournaisian Plutonites,36.0
-697517.2219682402,4547064.502673468,188.9232482910156,Tournaisian Plutonites,36.0
-697105.9218402237,4547037.803640198,220.7880096435547,Tournaisian Plutonites,36.0
-697219.9596695579,4547432.145591046,271.2320251464844,Tournaisian Plutonites,36.0
-697662.5915849343,4547650.62960167,237.5080108642578,Tournaisian Plutonites,36.0
-680181.0003699075,4530587.190128261,66.50300598144531,Tournaisian Plutonites,37.0
-680658.0993625815,4530579.613433175,141.12400817871094,Tournaisian Plutonites,37.0
-681108.2270966818,4530713.160165189,163.99200439453125,Tournaisian Plutonites,37.0
-681586.508328152,4530825.9984231815,182.26600646972656,Tournaisian Plutonites,37.0
-682007.6573423175,4530889.867621585,191.91702270507807,Tournaisian Plutonites,37.0
-682448.5704027687,4531105.45692522,227.93101501464844,Tournaisian Plutonites,37.0
-682925.8058789803,4531148.103273736,224.85250854492188,Tournaisian Plutonites,37.0
-683419.4740228102,4531097.465151391,219.20001220703125,Tournaisian Plutonites,37.0
-683853.6243440392,4531222.741072419,231.2880096435547,Tournaisian Plutonites,37.0
-684299.3296271061,4531067.15421092,238.70001220703125,Tournaisian Plutonites,37.0
-684746.2145491887,4531045.87469394,270.14898681640625,Tournaisian Plutonites,37.0
-685196.5113377499,4531209.427713861,250.2110137939453,Tournaisian Plutonites,37.0
-685629.0049498134,4531418.519456665,190.77200317382807,Tournaisian Plutonites,37.0
-686058.1389796026,4531602.525122826,163.31600952148438,Tournaisian Plutonites,37.0
-686407.7442876784,4531959.833119202,157.5830078125,Tournaisian Plutonites,37.0
-686378.2995317295,4532390.844826886,154.26800537109375,Tournaisian Plutonites,37.0
-686104.9303805014,4532807.93185239,165.74400329589844,Tournaisian Plutonites,37.0
-685818.3947326979,4533217.684610206,219.38525390625,Tournaisian Plutonites,37.0
-685466.2397210331,4533566.315707846,172.21600341796875,Tournaisian Plutonites,37.0
-684969.3494669321,4533610.818675733,141.9040069580078,Tournaisian Plutonites,37.0
-684470.606760326,4533597.733507399,139.31600952148438,Tournaisian Plutonites,37.0
-684005.2123567449,4533456.134729194,83.7280044555664,Tournaisian Plutonites,37.0
-683565.6879679309,4533226.44963635,151.1710205078125,Tournaisian Plutonites,37.0
-683145.4515571407,4532959.5462826565,127.9600067138672,Tournaisian Plutonites,37.0
-682712.5410825781,4532716.211080906,76.68400573730469,Tournaisian Plutonites,37.0
-682290.0717272657,4532462.654054168,93.49600219726562,Tournaisian Plutonites,37.0
-681871.6041418071,4532192.023537447,101.14800262451172,Tournaisian Plutonites,37.0
-681817.1909312456,4532630.452428996,116.14801025390624,Tournaisian Plutonites,37.0
-681881.8301372485,4533120.812036966,175.56100463867188,Tournaisian Plutonites,37.0
-681979.0785342234,4533609.577922473,228.4400177001953,Tournaisian Plutonites,37.0
-682296.9623642816,4533988.435476411,230.7320098876953,Tournaisian Plutonites,37.0
-682277.3294098751,4534481.797867781,247.04800415039065,Tournaisian Plutonites,37.0
-682178.6098689814,4534970.437622915,252.65200805664065,Tournaisian Plutonites,37.0
-682057.3930848343,4535374.721015098,241.1240081787109,Tournaisian Plutonites,37.0
-681713.4873212883,4535628.768166504,260.85125732421875,Tournaisian Plutonites,37.0
-681438.2910518661,4536003.728368464,290.2260131835937,Tournaisian Plutonites,37.0
-681146.0653529417,4536409.004196407,299.7152709960937,Tournaisian Plutonites,37.0
-680837.7941713071,4536802.665063873,293.072021484375,Tournaisian Plutonites,37.0
-680525.2764019491,4537192.911238022,288.0880126953125,Tournaisian Plutonites,37.0
-680235.6536922932,4537521.475579407,288.0360107421875,Tournaisian Plutonites,37.0
-679835.0319608444,4537511.93837635,283.6440124511719,Tournaisian Plutonites,37.0
-679552.1948394254,4537889.347958304,296.1570129394531,Tournaisian Plutonites,37.0
-679176.4516226837,4538203.608975864,285.0040283203125,Tournaisian Plutonites,37.0
-678843.6292703592,4538470.359032616,290.427001953125,Tournaisian Plutonites,37.0
-678536.6005369095,4538849.806338335,291.31500244140625,Tournaisian Plutonites,37.0
-678215.125533477,4539150.981411374,264.4840087890625,Tournaisian Plutonites,37.0
-677834.4124420767,4539019.707398453,279.7820129394531,Tournaisian Plutonites,37.0
-677817.9810311479,4538519.977462652,306.5340270996094,Tournaisian Plutonites,37.0
-677801.549620219,4538020.247526852,310.2680053710937,Tournaisian Plutonites,37.0
-677785.1182092902,4537520.517591052,307.9040222167969,Tournaisian Plutonites,37.0
-677768.6867983614,4537020.787655252,343.5320129394531,Tournaisian Plutonites,37.0
-677752.2553874324,4536521.057719451,346.10699462890625,Tournaisian Plutonites,37.0
-677735.8239765036,4536021.327783652,342.79400634765625,Tournaisian Plutonites,37.0
-677719.3925655747,4535521.597847851,310.1880187988281,Tournaisian Plutonites,37.0
-677702.9611546459,4535021.867912051,285.7377624511719,Tournaisian Plutonites,37.0
-677686.529743717,4534522.137976251,286.82452392578125,Tournaisian Plutonites,37.0
-677670.0983327882,4534022.408040451,280.0599975585937,Tournaisian Plutonites,37.0
-677653.6669218594,4533522.67810465,270.0559997558594,Tournaisian Plutonites,37.0
-677637.2355109305,4533022.9481688505,251.28500366210935,Tournaisian Plutonites,37.0
-677620.8041000017,4532523.21823305,239.8722686767578,Tournaisian Plutonites,37.0
-677604.3726890727,4532023.48829725,249.44451904296875,Tournaisian Plutonites,37.0
-677587.9412781439,4531523.758361449,205.3920135498047,Tournaisian Plutonites,37.0
-678073.7989344551,4531620.982153572,229.7040100097656,Tournaisian Plutonites,37.0
-678572.8129158217,4531649.233324978,206.1280059814453,Tournaisian Plutonites,37.0
-679068.3571032162,4531700.830439388,211.80401611328125,Tournaisian Plutonites,37.0
-679085.8639785873,4531548.700531383,181.89100646972656,Tournaisian Plutonites,37.0
-678665.7299983252,4531278.02181991,176.31900024414062,Tournaisian Plutonites,37.0
-678233.8781759891,4531072.45199332,204.17601013183597,Tournaisian Plutonites,37.0
-677743.7829280666,4530979.571802138,221.02101135253903,Tournaisian Plutonites,37.0
-677558.4606383664,4530627.161088874,116.77600860595705,Tournaisian Plutonites,37.0
-677883.9229062643,4530360.3253869545,74.9000015258789,Tournaisian Plutonites,37.0
-678364.7151734292,4530481.658984164,72.2750015258789,Tournaisian Plutonites,37.0
-678831.8653501116,4530630.275239066,67.21200561523438,Tournaisian Plutonites,37.0
-679322.743063128,4530585.953751647,111.0840072631836,Tournaisian Plutonites,37.0
-679795.6057717735,4530446.944878082,153.8920135498047,Tournaisian Plutonites,37.0
-683238.1258007538,4549150.044935842,328.41900634765625,Tournaisian Plutonites,38.0
-683703.6133673872,4549255.10958874,325.8000183105469,Tournaisian Plutonites,38.0
-684166.2155387925,4549142.926612813,333.6610107421875,Tournaisian Plutonites,38.0
-684338.7237000765,4548698.592266567,400.9400024414063,Tournaisian Plutonites,38.0
-684092.5622018817,4548412.667784721,391.0960083007813,Tournaisian Plutonites,38.0
-683952.2591372138,4547966.93760974,383.03802490234375,Tournaisian Plutonites,38.0
-683674.9081041245,4547888.740461555,380.9397583007813,Tournaisian Plutonites,38.0
-683357.9451510645,4548275.413204515,361.7040100097656,Tournaisian Plutonites,38.0
-683083.539083682,4548689.081129013,290.2040100097656,Tournaisian Plutonites,38.0
-683124.9716689532,4549086.564716001,324.9520263671875,Tournaisian Plutonites,38.0
-690419.475616398,4532881.232816335,155.55226135253906,Upper Devonian Siliciclastics,4.0
-690319.91613531,4532871.856797699,155.5360107421875,Upper Devonian Siliciclastics,4.0
-690220.3566542218,4532862.480779062,156.2670135498047,Upper Devonian Siliciclastics,4.0
-690120.7971731337,4532853.104760426,166.44400024414062,Upper Devonian Siliciclastics,4.0
-690021.2376920456,4532843.72874179,165.54299926757812,Upper Devonian Siliciclastics,4.0
-689921.6782109574,4532834.352723154,159.0830078125,Upper Devonian Siliciclastics,4.0
-689822.1187298694,4532824.976704517,186.0650177001953,Upper Devonian Siliciclastics,4.0
-689722.5592487813,4532815.600685881,173.552001953125,Upper Devonian Siliciclastics,4.0
-689622.9997676931,4532806.2246672455,171.64401245117188,Upper Devonian Siliciclastics,4.0
-689523.440286605,4532796.84864861,166.20401000976562,Upper Devonian Siliciclastics,4.0
-689423.880805517,4532787.472629973,162.41000366210938,Upper Devonian Siliciclastics,4.0
-689324.3213244288,4532778.096611337,156.10000610351562,Upper Devonian Siliciclastics,4.0
-689224.7618433407,4532768.720592701,155.5,Upper Devonian Siliciclastics,4.0
-689125.2023622526,4532759.344574065,172.2130126953125,Upper Devonian Siliciclastics,4.0
-689025.6428811644,4532749.968555428,161.66400146484375,Upper Devonian Siliciclastics,4.0
-688933.3770803161,4532774.120861529,155.5,Upper Devonian Siliciclastics,4.0
-688846.7096424057,4532824.00828686,155.5,Upper Devonian Siliciclastics,4.0
-688760.0422044955,4532873.895712189,155.5,Upper Devonian Siliciclastics,4.0
-688673.3747665852,4532923.78313752,155.5,Upper Devonian Siliciclastics,4.0
-688585.6713509263,4532971.235094485,155.5600128173828,Upper Devonian Siliciclastics,4.0
-688489.6232303488,4532999.069579096,176.9080047607422,Upper Devonian Siliciclastics,4.0
-688393.5751097712,4533026.904063706,181.44000244140625,Upper Devonian Siliciclastics,4.0
-688303.62859853,4533069.459055111,171.09100341796875,Upper Devonian Siliciclastics,4.0
-688216.0537340282,4533117.735789751,155.04800415039062,Upper Devonian Siliciclastics,4.0
-688128.4788695265,4533166.012524391,138.74301147460938,Upper Devonian Siliciclastics,4.0
-688040.9040050249,4533214.289259031,122.16000366210938,Upper Devonian Siliciclastics,4.0
-687953.3291405232,4533262.565993671,126.06000518798828,Upper Devonian Siliciclastics,4.0
-687859.4980793303,4533296.151870295,115.65025329589844,Upper Devonian Siliciclastics,4.0
-687775.640796406,4533264.577254703,116.0840072631836,Upper Devonian Siliciclastics,4.0
-687697.6820971589,4533201.947858956,107.33600616455078,Upper Devonian Siliciclastics,4.0
-687619.7233979118,4533139.318463209,105.69300842285156,Upper Devonian Siliciclastics,4.0
-687521.9621864315,4533145.831721567,106.46800231933594,Upper Devonian Siliciclastics,4.0
-687422.6684721762,4533157.695882278,104.8320083618164,Upper Devonian Siliciclastics,4.0
-687322.9031198216,4533163.2866275385,104.61400604248048,Upper Devonian Siliciclastics,4.0
-687222.9510970386,4533165.85101112,104.64000701904295,Upper Devonian Siliciclastics,4.0
-687122.9935423558,4533162.937720565,114.8730010986328,Upper Devonian Siliciclastics,4.0
-687023.1007802334,4533163.522613255,123.96400451660156,Upper Devonian Siliciclastics,4.0
-686923.3196657437,4533170.135418348,121.5120086669922,Upper Devonian Siliciclastics,4.0
-686824.1708974089,4533182.151672186,108.73600769042967,Upper Devonian Siliciclastics,4.0
-686725.5060790543,4533198.354987801,108.81200408935548,Upper Devonian Siliciclastics,4.0
-686625.9652490489,4533207.926986644,108.10800170898438,Upper Devonian Siliciclastics,4.0
-686527.3787387183,4533224.110299235,118.14800262451172,Upper Devonian Siliciclastics,4.0
-686429.1943236046,4533243.07923776,148.81201171875,Upper Devonian Siliciclastics,4.0
-686331.0099084907,4533262.048176285,178.9355010986328,Upper Devonian Siliciclastics,4.0
-686231.4790832247,4533268.051211459,173.1920166015625,Upper Devonian Siliciclastics,4.0
-686131.4951341342,4533269.755813993,200.72601318359372,Upper Devonian Siliciclastics,4.0
-686031.6155348789,4533274.661489542,214.86102294921875,Upper Devonian Siliciclastics,4.0
-685931.8299970636,4533272.898733421,215.6090087890625,Upper Devonian Siliciclastics,4.0
-685832.1285012153,4533265.177870412,209.77452087402344,Upper Devonian Siliciclastics,4.0
-693367.6374108358,4542831.599048726,185.916015625,Upper Devonian Siliciclastics,4.0
-693288.5348864767,4542887.2285670405,162.5360107421875,Upper Devonian Siliciclastics,4.0
-693223.4995489739,4542958.607280243,163.38800048828125,Upper Devonian Siliciclastics,4.0
-693166.7672390903,4543032.272745816,181.635009765625,Upper Devonian Siliciclastics,4.0
-693073.0936534829,4543067.276450755,218.8560028076172,Upper Devonian Siliciclastics,4.0
-692979.4200678754,4543102.280155694,238.23001098632807,Upper Devonian Siliciclastics,4.0
-692885.746482268,4543137.283860632,218.19601440429688,Upper Devonian Siliciclastics,4.0
-692792.0728966605,4543172.287565571,208.40000915527344,Upper Devonian Siliciclastics,4.0
-692698.399311053,4543207.29127051,208.73800659179688,Upper Devonian Siliciclastics,4.0
-692604.7257254455,4543242.294975449,218.77200317382807,Upper Devonian Siliciclastics,4.0
-692511.0521398381,4543277.298680388,209.57200622558597,Upper Devonian Siliciclastics,4.0
-692416.2056165481,4543308.978435479,201.4510040283203,Upper Devonian Siliciclastics,4.0
-692321.309045245,4543340.51636114,232.38201904296875,Upper Devonian Siliciclastics,4.0
-692226.412473942,4543372.054286799,222.5520172119141,Upper Devonian Siliciclastics,4.0
-692131.5159026389,4543403.592212459,218.6410217285156,Upper Devonian Siliciclastics,4.0
-692036.1395921959,4543433.560505555,191.00401306152344,Upper Devonian Siliciclastics,4.0
-691939.8264159937,4543460.46351821,215.2280120849609,Upper Devonian Siliciclastics,4.0
-691843.5132397916,4543487.366530864,268.7400207519531,Upper Devonian Siliciclastics,4.0
-691747.2000635895,4543514.269543517,264.7400207519531,Upper Devonian Siliciclastics,4.0
-691650.8868873874,4543541.172556171,248.4327545166016,Upper Devonian Siliciclastics,4.0
-691554.5737111853,4543568.075568825,252.1070098876953,Upper Devonian Siliciclastics,4.0
-691458.260534983,4543594.978581479,249.20901489257807,Upper Devonian Siliciclastics,4.0
-691361.9473587809,4543621.881594133,217.98001098632807,Upper Devonian Siliciclastics,4.0
-691265.6341825788,4543648.784606786,226.7760162353516,Upper Devonian Siliciclastics,4.0
-691169.3210063766,4543675.68761944,221.17901611328125,Upper Devonian Siliciclastics,4.0
-691073.1622700727,4543703.101987783,236.416015625,Upper Devonian Siliciclastics,4.0
-690978.05889612,4543734.010696311,231.6840057373047,Upper Devonian Siliciclastics,4.0
-690882.9555221674,4543764.919404838,247.8620147705078,Upper Devonian Siliciclastics,4.0
-690787.8521482147,4543795.828113365,266.1460266113281,Upper Devonian Siliciclastics,4.0
-690692.7487742621,4543826.736821893,271.52801513671875,Upper Devonian Siliciclastics,4.0
-690597.6454003095,4543857.645530419,258.5800170898437,Upper Devonian Siliciclastics,4.0
-690502.5420263568,4543888.554238947,250.364013671875,Upper Devonian Siliciclastics,4.0
-690407.0629366981,4543918.280033736,244.1680145263672,Upper Devonian Siliciclastics,4.0
-690311.554441888,4543947.913248531,244.18801879882807,Upper Devonian Siliciclastics,4.0
-690215.8483507442,4543976.889064139,255.0680084228516,Upper Devonian Siliciclastics,4.0
-690119.8293431044,4544004.823812605,255.31076049804688,Upper Devonian Siliciclastics,4.0
-690023.8103354645,4544032.758561071,267.9800109863281,Upper Devonian Siliciclastics,4.0
-698521.4576584056,4528813.1998717785,273.4410095214844,Upper Carboniferous Volcanics,1.0
-698615.1257673998,4528848.203808429,277.8600158691406,Upper Carboniferous Volcanics,1.0
-698710.8445747762,4528877.109542212,282.31201171875,Upper Carboniferous Volcanics,1.0
-698807.7347034967,4528901.767425741,289.1360168457031,Upper Carboniferous Volcanics,1.0
-698873.0020546804,4528970.781921719,297.7560119628906,Upper Carboniferous Volcanics,1.0
-698792.7238275623,4529004.92548881,298.6400146484375,Upper Carboniferous Volcanics,1.0
-698693.2303308437,4529014.805556773,302.9320068359375,Upper Carboniferous Volcanics,1.0
-698593.5773182621,4529022.63937969,299.73602294921875,Upper Carboniferous Volcanics,1.0
-698493.8337437495,4529028.307634796,292.176025390625,Upper Carboniferous Volcanics,1.0
-698394.8653214775,4529042.331815877,286.489013671875,Upper Carboniferous Volcanics,1.0
-698295.5691256692,4529053.69238436,276.2929992675781,Upper Carboniferous Volcanics,1.0
-698196.6183908525,4529067.8631827645,276.02899169921875,Upper Carboniferous Volcanics,1.0
-698096.871373593,4529074.214476763,281.32000732421875,Upper Carboniferous Volcanics,1.0
-697996.9969960994,4529078.005587,284.2970275878906,Upper Carboniferous Volcanics,1.0
-697898.4089839985,4529094.390210109,287.70001220703125,Upper Carboniferous Volcanics,1.0
-697868.0783712281,4529099.147277293,288.1280212402344,Upper Carboniferous Volcanics,1.0
-697776.9123139277,4529140.24168076,289.9440002441406,Upper Carboniferous Volcanics,1.0
-697685.7462566271,4529181.336084226,292.9320068359375,Upper Carboniferous Volcanics,1.0
-697592.9497730247,4529218.581538494,299.0880126953125,Upper Carboniferous Volcanics,1.0
-697499.3576534875,4529253.802486246,302.5,Upper Carboniferous Volcanics,1.0
-697408.7432205258,4529296.05886977,304.53826904296875,Upper Carboniferous Volcanics,1.0
-697317.2650215409,4529336.423855007,297.34002685546875,Upper Carboniferous Volcanics,1.0
-697224.7151941853,4529374.254896531,293.7320251464844,Upper Carboniferous Volcanics,1.0
-697131.4630705569,4529410.366410467,289.39801025390625,Upper Carboniferous Volcanics,1.0
-697039.8045632032,4529450.285833979,282.13201904296875,Upper Carboniferous Volcanics,1.0
-696948.6284165949,4529491.357847438,277.947998046875,Upper Carboniferous Volcanics,1.0
-696863.5823128138,4529543.92376885,272.54852294921875,Upper Carboniferous Volcanics,1.0
-696781.4612637458,4529600.743486895,270.6920166015625,Upper Carboniferous Volcanics,1.0
-696702.1801841016,4529661.604429992,269.7120056152344,Upper Carboniferous Volcanics,1.0
-696615.1797306014,4529710.908801915,266.6090087890625,Upper Carboniferous Volcanics,1.0
-696528.1792771012,4529760.213173838,263.5500183105469,Upper Carboniferous Volcanics,1.0
-696441.5149830389,4529810.098924012,261.1240234375,Upper Carboniferous Volcanics,1.0
-696356.510754197,4529862.515636954,263.17999267578125,Upper Carboniferous Volcanics,1.0
-696268.6346845396,4529909.728805317,258.5880126953125,Upper Carboniferous Volcanics,1.0
-696179.5244097457,4529955.1032450255,254.1680145263672,Upper Carboniferous Volcanics,1.0
-696091.2583561589,4530002.104349099,253.2335205078125,Upper Carboniferous Volcanics,1.0
-696002.4413768132,4530048.027581398,251.0480194091797,Upper Carboniferous Volcanics,1.0
-695912.828265939,4530092.388353629,249.42401123046875,Upper Carboniferous Volcanics,1.0
-695826.6946728125,4530142.950003756,250.6410217285156,Upper Carboniferous Volcanics,1.0
-695734.1707353671,4530180.187256174,254.7840118408203,Upper Carboniferous Volcanics,1.0
-695640.5690045318,4530215.382653383,250.39601135253903,Upper Carboniferous Volcanics,1.0
-695547.3607201525,4530251.588113012,250.07801818847656,Upper Carboniferous Volcanics,1.0
-695454.6146550896,4530288.980189918,248.4560089111328,Upper Carboniferous Volcanics,1.0
-695361.5619999234,4530325.591990248,241.18801879882807,Upper Carboniferous Volcanics,1.0
-695268.1693338553,4530361.338457552,237.0600128173828,Upper Carboniferous Volcanics,1.0
-695175.4229276575,4530398.709191109,238.57200622558597,Upper Carboniferous Volcanics,1.0
-695082.6826750546,4530436.087800484,233.27801513671875,Upper Carboniferous Volcanics,1.0
-694989.0605867686,4530471.229009697,232.04800415039065,Upper Carboniferous Volcanics,1.0
-694894.5779992841,4530503.782277487,231.9840087890625,Upper Carboniferous Volcanics,1.0
-694798.5537787608,4530531.699101678,223.57101440429688,Upper Carboniferous Volcanics,1.0
-694702.9577107134,4530560.891874735,222.36801147460935,Upper Carboniferous Volcanics,1.0
-694609.5300544703,4530596.546790931,215.14401245117188,Upper Carboniferous Volcanics,1.0
-694514.4766444145,4530627.515226495,215.6800079345703,Upper Carboniferous Volcanics,1.0
-694427.1273308593,4530664.739100163,212.45201110839844,Upper Carboniferous Volcanics,1.0
-694405.8393226395,4530762.446926172,214.5520172119141,Upper Carboniferous Volcanics,1.0
-694384.3492116961,4530860.11050757,212.6160125732422,Upper Carboniferous Volcanics,1.0
-694367.4009052967,4530958.638075173,210.64801025390625,Upper Carboniferous Volcanics,1.0
-694354.928553897,4531057.811284316,211.3400115966797,Upper Carboniferous Volcanics,1.0
-694442.2287611972,4531068.868128199,217.5120086669922,Upper Carboniferous Volcanics,1.0
-694541.5401935203,4531079.306680303,219.39801025390625,Upper Carboniferous Volcanics,1.0
-694640.4767781992,4531093.833405679,224.14801025390625,Upper Carboniferous Volcanics,1.0
-694739.1664478177,4531109.803980295,228.3800048828125,Upper Carboniferous Volcanics,1.0
-694837.6858617663,4531126.929224888,229.489013671875,Upper Carboniferous Volcanics,1.0
-694936.0023351078,4531144.604857572,231.2720184326172,Upper Carboniferous Volcanics,1.0
-695035.6258357026,4531152.315057482,236.35601806640625,Upper Carboniferous Volcanics,1.0
-695135.6110205138,4531153.8006586,240.47601318359372,Upper Carboniferous Volcanics,1.0
-695235.4905605123,4531150.788096592,245.5600128173828,Upper Carboniferous Volcanics,1.0
-695333.9498355513,4531133.307652135,242.3070068359375,Upper Carboniferous Volcanics,1.0
-695432.7179065163,4531117.697192019,244.1000061035156,Upper Carboniferous Volcanics,1.0
-695531.5908009043,4531102.725792985,249.25601196289065,Upper Carboniferous Volcanics,1.0
-695630.3046354423,4531086.763883169,249.02801513671875,Upper Carboniferous Volcanics,1.0
-695729.0096063332,4531070.736737074,260.3240051269531,Upper Carboniferous Volcanics,1.0
-695827.8305509364,4531055.426840925,260.4442443847656,Upper Carboniferous Volcanics,1.0
-695926.411977593,4531038.775322212,263.0180053710937,Upper Carboniferous Volcanics,1.0
-696025.223656244,4531023.777596246,265.2650146484375,Upper Carboniferous Volcanics,1.0
-696124.7290681227,4531014.12042006,266.37701416015625,Upper Carboniferous Volcanics,1.0
-696224.5336754724,4531007.900578756,267.2799987792969,Upper Carboniferous Volcanics,1.0
-696324.2363524366,4531000.373925923,265.4760131835937,Upper Carboniferous Volcanics,1.0
-696423.1045485835,4530985.985328218,270.7560119628906,Upper Carboniferous Volcanics,1.0
-696521.5313482104,4530968.554333075,272.73602294921875,Upper Carboniferous Volcanics,1.0
-696620.5765133161,4530954.795898959,276.7400207519531,Upper Carboniferous Volcanics,1.0
-696720.1549007684,4530945.810615479,279.2560119628906,Upper Carboniferous Volcanics,1.0
-696820.0623479731,4530944.5498608565,284.07598876953125,Upper Carboniferous Volcanics,1.0
-696919.3887209808,4530955.686217751,287.0680236816406,Upper Carboniferous Volcanics,1.0
-698546.0961126263,4530845.509764689,390.531005859375,Upper Carboniferous Volcanics,1.0
-698642.9300360443,4530821.641536387,393.2994995117188,Upper Carboniferous Volcanics,1.0
-698738.2092660065,4530791.321609133,392.1200256347656,Upper Carboniferous Volcanics,1.0
-698832.5770068932,4530758.235033995,389.260009765625,Upper Carboniferous Volcanics,1.0
-698926.7182410405,4530724.529774696,388.0400085449219,Upper Carboniferous Volcanics,1.0
-699019.888091546,4530688.312342528,383.9440307617188,Upper Carboniferous Volcanics,1.0
-699116.2522765718,4530661.630663979,387.571044921875,Upper Carboniferous Volcanics,1.0
-699213.2569013555,4530637.55495372,391.6400146484375,Upper Carboniferous Volcanics,1.0
-699471.250915946,4530636.879783076,399.8190307617188,Upper Carboniferous Volcanics,1.0
-699568.5898932192,4530659.728557596,406.5480041503906,Upper Carboniferous Volcanics,1.0
-699666.7995388169,4530678.384855036,415.1480102539063,Upper Carboniferous Volcanics,1.0
-700285.4920993365,4530722.452661049,392.5480041503906,Upper Carboniferous Volcanics,1.0
-700383.896351081,4530704.659312893,376.5559997558594,Upper Carboniferous Volcanics,1.0
-700481.8432144475,4530684.615544446,363.0480041503906,Upper Carboniferous Volcanics,1.0
-700579.385968124,4530662.5834949445,357.666015625,Upper Carboniferous Volcanics,1.0
-700677.2514858347,4530642.03460719,356.677001953125,Upper Carboniferous Volcanics,1.0
-700776.1901264394,4530653.958937655,351.0150146484375,Upper Carboniferous Volcanics,1.0
-700875.9980376478,4530655.710991386,353.8585205078125,Upper Carboniferous Volcanics,1.0
-700975.5501897138,4530662.114962776,360.7960205078125,Upper Carboniferous Volcanics,1.0
-701075.5409790677,4530663.472182137,357.5500183105469,Upper Carboniferous Volcanics,1.0
-701175.0686375698,4530671.002904338,376.6470031738281,Upper Carboniferous Volcanics,1.0
-701274.6554699912,4530663.509078908,395.4210205078125,Upper Carboniferous Volcanics,1.0
-701374.3601291458,4530656.18849952,404.4562683105469,Upper Carboniferous Volcanics,1.0
-701473.6632717265,4530665.455612183,402.0280151367188,Upper Carboniferous Volcanics,1.0
-701572.7621640981,4530678.84999648,387.8570251464844,Upper Carboniferous Volcanics,1.0
-701672.3991018,4530681.081591682,373.4925231933594,Upper Carboniferous Volcanics,1.0
-701772.1597187992,4530678.659783933,363.3290100097656,Upper Carboniferous Volcanics,1.0
-701871.7267183741,4530687.924016018,358.06451416015625,Upper Carboniferous Volcanics,1.0
-701971.4520305454,4530693.927653527,353.52301025390625,Upper Carboniferous Volcanics,1.0
-702071.4236189016,4530692.4788725255,350.86199951171875,Upper Carboniferous Volcanics,1.0
-702170.8046776899,4530681.781358785,340.1780090332031,Upper Carboniferous Volcanics,1.0
-702270.3203384836,4530673.332042641,339.47900390625,Upper Carboniferous Volcanics,1.0
-702497.1188356506,4530800.559838544,352.4640197753906,Upper Carboniferous Volcanics,1.0
-702590.9864225211,4530832.45366468,363.02001953125,Upper Carboniferous Volcanics,1.0
-702689.7875304314,4530847.274246708,378.6990356445313,Upper Carboniferous Volcanics,1.0
-702789.4369481452,4530850.667807283,400.5680236816406,Upper Carboniferous Volcanics,1.0
-702887.8704011564,4530835.379502877,399.5320434570313,Upper Carboniferous Volcanics,1.0
-702986.5024411103,4530820.311205823,416.7400207519531,Upper Carboniferous Volcanics,1.0
-703083.0672821016,4530794.91290569,405.1160278320313,Upper Carboniferous Volcanics,1.0
-703181.98210232,4530785.242077567,390.2760314941406,Upper Carboniferous Volcanics,1.0
-703279.6601638341,4530768.720519206,382.4800109863281,Upper Carboniferous Volcanics,1.0
-704203.7192098245,4538002.111980903,308.18701171875,Upper Carboniferous Volcanics,1.0
-704132.3942441364,4537932.020973851,311.3280029296875,Upper Carboniferous Volcanics,1.0
-704047.7554652367,4537879.524268429,325.5320129394531,Upper Carboniferous Volcanics,1.0
-703959.0494722353,4537834.081301269,329.5470275878906,Upper Carboniferous Volcanics,1.0
-703864.3695018808,4537801.898958071,328.8760070800781,Upper Carboniferous Volcanics,1.0
-703772.5892971406,4537762.636540476,332.2680053710937,Upper Carboniferous Volcanics,1.0
-703694.7582432216,4537701.778358017,321.9550170898437,Upper Carboniferous Volcanics,1.0
-703623.3872891997,4537631.734179658,319.1600036621094,Upper Carboniferous Volcanics,1.0
-703541.4800670652,4537574.566314071,309.52001953125,Upper Carboniferous Volcanics,1.0
-703457.2408727886,4537520.710614117,302.95001220703125,Upper Carboniferous Volcanics,1.0
-703371.3605824873,4537469.566169213,299.5760192871094,Upper Carboniferous Volcanics,1.0
-703283.1900669575,4537422.386086644,298.5240173339844,Upper Carboniferous Volcanics,1.0
-703194.1982395849,4537376.856836084,299.86102294921875,Upper Carboniferous Volcanics,1.0
-703103.2291851635,4537335.353375995,289.1920166015625,Upper Carboniferous Volcanics,1.0
-703011.0256943976,4537296.879116027,286.1820068359375,Upper Carboniferous Volcanics,1.0
-702923.9700907583,4537247.820608526,289.8480224609375,Upper Carboniferous Volcanics,1.0
-702837.9155483717,4537198.605422946,284.64801025390625,Upper Carboniferous Volcanics,1.0
-702837.7737862513,4537268.801298434,289.2239990234375,Upper Carboniferous Volcanics,1.0
-702910.9186903333,4537336.3009858215,295.86102294921875,Upper Carboniferous Volcanics,1.0
-702990.8131092429,4537396.369228241,292.0680236816406,Upper Carboniferous Volcanics,1.0
-703071.3479391689,4537455.626362035,293.13201904296875,Upper Carboniferous Volcanics,1.0
-703149.0896736059,4537518.524873359,293.9840087890625,Upper Carboniferous Volcanics,1.0
-703226.8314080429,4537581.423384682,296.1540222167969,Upper Carboniferous Volcanics,1.0
-703295.9888366975,4537653.367366345,298.7400207519531,Upper Carboniferous Volcanics,1.0
-703354.9631971851,4537733.855103325,301.072021484375,Upper Carboniferous Volcanics,1.0
-703410.485741261,4537817.025092499,305.6752624511719,Upper Carboniferous Volcanics,1.0
-703479.6755543887,4537888.436174916,311.72802734375,Upper Carboniferous Volcanics,1.0
-703551.1210455035,4537957.022959157,315.6080017089844,Upper Carboniferous Volcanics,1.0
-703619.5497384727,4538028.964610672,312.3000183105469,Upper Carboniferous Volcanics,1.0
-703700.9504518958,4538086.86987674,310.02252197265625,Upper Carboniferous Volcanics,1.0
-703780.5608700615,4538146.727658827,305.4040222167969,Upper Carboniferous Volcanics,1.0
-703846.9120999709,4538213.427283924,301.3720092773437,Upper Carboniferous Volcanics,1.0
-703944.474588836,4538215.471898749,300.07403564453125,Upper Carboniferous Volcanics,1.0
-704023.4326078079,4538159.19829704,302.3680114746094,Upper Carboniferous Volcanics,1.0
-704094.4795854316,4538088.825525526,302.39801025390625,Upper Carboniferous Volcanics,1.0
-704168.3860836758,4538022.22185968,304.9349975585937,Upper Carboniferous Volcanics,1.0
-704161.3914791377,4537960.516541754,315.3730163574219,Upper Carboniferous Volcanics,1.0
-704082.5248916643,4537900.318014639,319.1000061035156,Upper Carboniferous Volcanics,1.0
-703996.0454516887,4537850.105402065,327.4220275878906,Upper Carboniferous Volcanics,1.0
-706073.8887702172,4537104.692863646,344.7900390625,Upper Carboniferous Volcanics,1.0
-705974.7868356409,4537091.355693482,353.77203369140625,Upper Carboniferous Volcanics,1.0
-705875.2820885222,4537081.649411892,367.7240295410156,Upper Carboniferous Volcanics,1.0
-705775.5712797022,4537074.04976687,373.3240051269531,Upper Carboniferous Volcanics,1.0
-705675.5934672799,4537074.846968934,369.364013671875,Upper Carboniferous Volcanics,1.0
-705578.731855066,4537093.592459946,359.52801513671875,Upper Carboniferous Volcanics,1.0
-705494.3317538403,4537143.81339575,359.102783203125,Upper Carboniferous Volcanics,1.0
-705464.3290142146,4537237.350704815,362.541015625,Upper Carboniferous Volcanics,1.0
-705491.6565257335,4537322.750224681,348.22003173828125,Upper Carboniferous Volcanics,1.0
-705579.5337908773,4537369.292700933,336.780029296875,Upper Carboniferous Volcanics,1.0
-705675.4447654344,4537395.910187509,340.2010192871094,Upper Carboniferous Volcanics,1.0
-705762.5729747894,4537429.855628639,333.35601806640625,Upper Carboniferous Volcanics,1.0
-705837.8096146263,4537488.285798411,328.6000061035156,Upper Carboniferous Volcanics,1.0
-705920.0762407423,4537457.49590075,328.280029296875,Upper Carboniferous Volcanics,1.0
-705939.0746395024,4537359.317181852,338.6725158691406,Upper Carboniferous Volcanics,1.0
-705969.9376434922,4537265.860212096,347.9150085449219,Upper Carboniferous Volcanics,1.0
-706041.9580023213,4537196.689058437,347.4360046386719,Upper Carboniferous Volcanics,1.0
-706082.240614558,4537113.192021541,344.7900390625,Upper Carboniferous Volcanics,1.0
-707098.392010716,4536878.4846796105,368.9460144042969,Upper Carboniferous Volcanics,1.0
-707006.4373429435,4536844.145936168,384.1940307617188,Upper Carboniferous Volcanics,1.0
-706930.8622018207,4536780.704934164,383.1000061035156,Upper Carboniferous Volcanics,1.0
-706834.4644700466,4536770.357732904,383.1640319824219,Upper Carboniferous Volcanics,1.0
-706744.0952869451,4536727.664568751,383.33502197265625,Upper Carboniferous Volcanics,1.0
-706652.8912170544,4536686.746759091,386.1470336914063,Upper Carboniferous Volcanics,1.0
-706560.3766544741,4536648.863235404,389.7850036621094,Upper Carboniferous Volcanics,1.0
-706477.1582916781,4536665.623620685,397.6152648925781,Upper Carboniferous Volcanics,1.0
-706447.3696979916,4536760.221066011,388.0240173339844,Upper Carboniferous Volcanics,1.0
-706416.9497426791,4536854.547626167,375.5600280761719,Upper Carboniferous Volcanics,1.0
-706358.0759018777,4536934.500289567,365.7240295410156,Upper Carboniferous Volcanics,1.0
-706289.3428832869,4537006.86449916,357.2080078125,Upper Carboniferous Volcanics,1.0
-706244.704744201,4537093.756556841,355.6460266113281,Upper Carboniferous Volcanics,1.0
-706288.1956779097,4537155.4659404615,342.4750366210937,Upper Carboniferous Volcanics,1.0
-706387.7049100781,4537154.703474344,338.4800109863281,Upper Carboniferous Volcanics,1.0
-706474.8501763798,4537108.256514238,352.8580322265625,Upper Carboniferous Volcanics,1.0
-706573.6424645294,4537093.334272385,351.7760314941406,Upper Carboniferous Volcanics,1.0
-706673.1635028257,4537084.915743367,349.5760192871094,Upper Carboniferous Volcanics,1.0
-706772.0560311065,4537070.201827168,353.6000061035156,Upper Carboniferous Volcanics,1.0
-706871.1847134371,4537057.029722575,352.7920227050781,Upper Carboniferous Volcanics,1.0
-706970.4854147042,4537049.321392713,347.6180419921875,Upper Carboniferous Volcanics,1.0
-707069.7611784713,4537044.93045203,346.96002197265625,Upper Carboniferous Volcanics,1.0
-698903.9700012003,4549231.621847089,219.4080047607422,Upper Carboniferous Volcanics,1.0
-698955.636861962,4549147.107134714,219.17300415039065,Upper Carboniferous Volcanics,1.0
-699037.6371022362,4549091.939230163,220.8752593994141,Upper Carboniferous Volcanics,1.0
-699134.3035149587,4549068.508340161,236.01600646972656,Upper Carboniferous Volcanics,1.0
-699233.4373451278,4549057.206718554,237.84800720214844,Upper Carboniferous Volcanics,1.0
-699333.3696361176,4549057.835572458,242.7080078125,Upper Carboniferous Volcanics,1.0
-699432.8761373291,4549052.488821474,247.5880126953125,Upper Carboniferous Volcanics,1.0
-699530.8810429928,4549034.195473301,262.1940002441406,Upper Carboniferous Volcanics,1.0
-699625.7073978061,4549002.561166822,281.22802734375,Upper Carboniferous Volcanics,1.0
-699718.0280791766,4548964.306014886,289.9560241699219,Upper Carboniferous Volcanics,1.0
-699813.1452972108,4548933.439935877,307.4360046386719,Upper Carboniferous Volcanics,1.0
-699912.9101248727,4548926.738642516,319.3480224609375,Upper Carboniferous Volcanics,1.0
-700011.7523675994,4548939.786049109,325.3440246582031,Upper Carboniferous Volcanics,1.0
-700110.7055060884,4548938.618984238,330.6120300292969,Upper Carboniferous Volcanics,1.0
-700209.6962074446,4548934.668468762,330.8520202636719,Upper Carboniferous Volcanics,1.0
-700309.4265923972,4548933.660419855,341.76202392578125,Upper Carboniferous Volcanics,1.0
-700408.928550036,4548923.836277637,360.5050048828125,Upper Carboniferous Volcanics,1.0
-700508.0595539898,4548910.7795531545,386.20550537109375,Upper Carboniferous Volcanics,1.0
-700595.1126320838,4548866.437747525,376.968017578125,Upper Carboniferous Volcanics,1.0
-700681.4396301624,4548819.866053077,391.5880126953125,Upper Carboniferous Volcanics,1.0
-700717.932752245,4548907.056243534,410.2010192871094,Upper Carboniferous Volcanics,1.0
-700768.6667034501,4548863.497436141,420.4510192871094,Upper Carboniferous Volcanics,1.0
-700841.1616747587,4548802.473101708,397.4360046386719,Upper Carboniferous Volcanics,1.0
-700938.4030474931,4548781.22420723,373.4040222167969,Upper Carboniferous Volcanics,1.0
-701031.3175473287,4548745.071562533,368.9530029296875,Upper Carboniferous Volcanics,1.0
-701120.9551700936,4548700.867474036,382.4080200195313,Upper Carboniferous Volcanics,1.0
-701208.0383589455,4548651.7093798965,365.8520202636719,Upper Carboniferous Volcanics,1.0
-701296.0768670458,4548604.383232715,358.9410400390625,Upper Carboniferous Volcanics,1.0
-701386.2318084305,4548561.115617297,358.7920227050781,Upper Carboniferous Volcanics,1.0
-701473.0189222114,4548512.17496604,357.1800231933594,Upper Carboniferous Volcanics,1.0
-701549.5963177724,4548448.667087431,358.3130187988281,Upper Carboniferous Volcanics,1.0
-701602.5641015617,4548466.929259222,359.676025390625,Upper Carboniferous Volcanics,1.0
-701644.9862905378,4548557.485086657,374.2760314941406,Upper Carboniferous Volcanics,1.0
-701731.2588147917,4548531.114931369,352.9480285644531,Upper Carboniferous Volcanics,1.0
-701814.8011975833,4548477.115664205,345.9480285644531,Upper Carboniferous Volcanics,1.0
-701906.2895091872,4548438.69426857,337.2140197753906,Upper Carboniferous Volcanics,1.0
-702003.7830388553,4548416.616655788,342.90802001953125,Upper Carboniferous Volcanics,1.0
-702101.7950600141,4548396.984281105,344.4720153808594,Upper Carboniferous Volcanics,1.0
-702198.3379640892,4548370.917680392,341.54400634765625,Upper Carboniferous Volcanics,1.0
-702296.1773486632,4548351.348944997,338.3930053710937,Upper Carboniferous Volcanics,1.0
-702394.4144014464,4548334.680009586,337.4960021972656,Upper Carboniferous Volcanics,1.0
-702485.9188940094,4548295.624082747,336.40802001953125,Upper Carboniferous Volcanics,1.0
-702563.5382269623,4548232.874646012,339.6410217285156,Upper Carboniferous Volcanics,1.0
-702634.9396819586,4548162.915561078,344.926025390625,Upper Carboniferous Volcanics,1.0
-702704.5295808503,4548091.101593271,339.5760192871094,Upper Carboniferous Volcanics,1.0
-702774.3960096989,4548019.557017086,324.5360107421875,Upper Carboniferous Volcanics,1.0
-702865.3157144528,4547986.995778075,321.42303466796875,Upper Carboniferous Volcanics,1.0
-702965.1733336337,4547992.257829704,328.49200439453125,Upper Carboniferous Volcanics,1.0
-703064.8636264431,4548000.122021942,332.3210144042969,Upper Carboniferous Volcanics,1.0
-703164.5459877356,4548008.086042108,333.60400390625,Upper Carboniferous Volcanics,1.0
-703264.2273762579,4548016.062305787,340.1960144042969,Upper Carboniferous Volcanics,1.0
-703363.9087647801,4548024.038569466,355.2840270996094,Upper Carboniferous Volcanics,1.0
-703463.5901533023,4548032.014833145,357.9520263671875,Upper Carboniferous Volcanics,1.0
-703563.2715418246,4548039.991096824,369.41802978515625,Upper Carboniferous Volcanics,1.0
-703662.9503586119,4548047.9966970505,381.416015625,Upper Carboniferous Volcanics,1.0
-703762.499145843,4548057.485583224,393.0480041503906,Upper Carboniferous Volcanics,1.0
-703862.0479330741,4548066.974469398,413.8870239257813,Upper Carboniferous Volcanics,1.0
-703961.5967203052,4548076.463355573,432.5920104980469,Upper Carboniferous Volcanics,1.0
-704061.2775428792,4548081.737116853,440.5150146484375,Upper Carboniferous Volcanics,1.0
-704150.2621037483,4548113.6268499205,436.5840148925781,Upper Carboniferous Volcanics,1.0
-704234.5399460774,4548165.461830048,426.83203125,Upper Carboniferous Volcanics,1.0
-704331.7569471614,4548187.222505705,425.60302734375,Upper Carboniferous Volcanics,1.0
-704430.8910676753,4548200.353619517,417.9480285644531,Upper Carboniferous Volcanics,1.0
-704529.7709948454,4548215.033700034,409.3960266113281,Upper Carboniferous Volcanics,1.0
-704627.9024239596,4548234.274869957,398.70501708984375,Upper Carboniferous Volcanics,1.0
-704717.7691107454,4548274.451964117,398.83001708984375,Upper Carboniferous Volcanics,1.0
-704795.6026321392,4548336.741330657,401.2000122070313,Upper Carboniferous Volcanics,1.0
-704879.9337828046,4548390.481890718,395.364013671875,Upper Carboniferous Volcanics,1.0
-704958.8785960821,4548451.6300284825,383.7920227050781,Upper Carboniferous Volcanics,1.0
-705032.5593012841,4548519.219907713,367.9920043945313,Upper Carboniferous Volcanics,1.0
-705107.970685606,4548584.894055158,365.9320068359375,Upper Carboniferous Volcanics,1.0
-705179.7624767991,4548654.427057302,359.2760314941406,Upper Carboniferous Volcanics,1.0
-705260.4784775825,4548713.125181987,352.7760314941406,Upper Carboniferous Volcanics,1.0
-705349.7284020619,4548758.101754102,335.3960266113281,Upper Carboniferous Volcanics,1.0
-705424.6270566182,4548816.502112915,357.9530029296875,Upper Carboniferous Volcanics,1.0
-705474.0728073822,4548903.422293146,349.90802001953125,Upper Carboniferous Volcanics,1.0
-705527.573800885,4548987.901066957,330.8280029296875,Upper Carboniferous Volcanics,1.0
-705226.1977496393,4530963.905559277,306.8440246582031,Upper Carboniferous Volcanics,1.0
-705134.5208006456,4530924.791587745,312.4320068359375,Upper Carboniferous Volcanics,1.0
-705038.8941933546,4530896.082178269,316.2840270996094,Upper Carboniferous Volcanics,1.0
-704940.3011304908,4530879.760265798,323.9320068359375,Upper Carboniferous Volcanics,1.0
-704842.3444854411,4530860.638130585,333.280029296875,Upper Carboniferous Volcanics,1.0
-704743.2042238162,4530847.553608975,336.8280029296875,Upper Carboniferous Volcanics,1.0
-704645.983493705,4530825.255776981,338.56402587890625,Upper Carboniferous Volcanics,1.0
-704550.1671535732,4530797.037774714,339.9000244140625,Upper Carboniferous Volcanics,1.0
-704458.5015316405,4530757.882870087,343.5950012207031,Upper Carboniferous Volcanics,1.0
-704558.4420214634,4530755.888862751,347.0380249023437,Upper Carboniferous Volcanics,1.0
-704656.9432971908,4530769.146270258,352.498291015625,Upper Carboniferous Volcanics,1.0
-704752.8990489509,4530797.2737180535,343.9040222167969,Upper Carboniferous Volcanics,1.0
-704850.2655582143,4530818.499805075,338.1200256347656,Upper Carboniferous Volcanics,1.0
-704949.648313027,4530816.518244756,328.0820007324219,Upper Carboniferous Volcanics,1.0
-705047.5398727008,4530836.617705712,320.0920104980469,Upper Carboniferous Volcanics,1.0
-705146.3337908045,4530851.379632411,317.55303955078125,Upper Carboniferous Volcanics,1.0
-705243.7043580215,4530867.646789186,313.5920104980469,Upper Carboniferous Volcanics,1.0
-705257.5936309067,4530674.077403754,324.2320251464844,Upper Carboniferous Volcanics,1.0
-705160.002496151,4530653.268861111,331.8890075683594,Upper Carboniferous Volcanics,1.0
-705062.1756229949,4530632.856478423,333.364013671875,Upper Carboniferous Volcanics,1.0
-704966.1286475372,4530605.305252232,337.4200134277344,Upper Carboniferous Volcanics,1.0
-704869.5218855571,4530579.551168025,341.02801513671875,Upper Carboniferous Volcanics,1.0
-704773.9257989029,4530550.62171861,347.2430114746094,Upper Carboniferous Volcanics,1.0
-704681.499495967,4530513.060454491,354.6930236816406,Upper Carboniferous Volcanics,1.0
-704587.0605124994,4530480.20370699,356.41900634765625,Upper Carboniferous Volcanics,1.0
-704490.8907636395,4530453.462782923,355.7640075683594,Upper Carboniferous Volcanics,1.0
-704504.3776800074,4530443.781395348,355.7640075683594,Upper Carboniferous Volcanics,1.0
-704604.0599304686,4530451.450678309,354.1640319824219,Upper Carboniferous Volcanics,1.0
-704703.416295616,4530462.603902024,352.5800170898437,Upper Carboniferous Volcanics,1.0
-704802.0386355221,4530478.324565729,350.1920166015625,Upper Carboniferous Volcanics,1.0
-704897.4082692057,4530508.344191697,348.6232604980469,Upper Carboniferous Volcanics,1.0
-704991.2484961967,4530542.764962483,346.3690185546875,Upper Carboniferous Volcanics,1.0
-705083.4476206476,4530581.394944519,336.8680114746094,Upper Carboniferous Volcanics,1.0
-705172.0370577496,4530627.626061451,336.3070068359375,Upper Carboniferous Volcanics,1.0
-704896.0056609085,4531167.187130979,319.20001220703125,Upper Carboniferous Volcanics,1.0
-704821.566458855,4531100.619161552,317.2920227050781,Upper Carboniferous Volcanics,1.0
-704743.5436243083,4531038.687861564,314.5320129394531,Upper Carboniferous Volcanics,1.0
-704651.3179268627,4531000.225584192,317.3080139160156,Upper Carboniferous Volcanics,1.0
-704558.8627155,4530962.313702743,319.5240173339844,Upper Carboniferous Volcanics,1.0
-704467.5244334949,4530921.707402455,325.02801513671875,Upper Carboniferous Volcanics,1.0
-704373.3725792232,4530888.233870124,327.9300231933594,Upper Carboniferous Volcanics,1.0
-704274.5710032757,4530873.610087774,330.5840148925781,Upper Carboniferous Volcanics,1.0
-704175.9297932244,4530859.042637234,335.02801513671875,Upper Carboniferous Volcanics,1.0
-704079.3571230816,4530833.162800581,337.1280212402344,Upper Carboniferous Volcanics,1.0
-703982.9982650967,4530806.642573763,341.1640014648437,Upper Carboniferous Volcanics,1.0
-703886.7174230109,4530779.821883691,345.7680053710937,Upper Carboniferous Volcanics,1.0
-703792.1097726547,4530747.6889247205,351.58502197265625,Upper Carboniferous Volcanics,1.0
-703695.3755468136,4530722.414671628,357.7582702636719,Upper Carboniferous Volcanics,1.0
-703598.5171386459,4530697.611932381,359.3600158691406,Upper Carboniferous Volcanics,1.0
-703502.5974546066,4530669.402232824,364.5680236816406,Upper Carboniferous Volcanics,1.0
-703406.0284253882,4530643.901858562,371.6300048828125,Upper Carboniferous Volcanics,1.0
-703306.7246513013,4530632.964060294,378.9400329589844,Upper Carboniferous Volcanics,1.0
-703206.8335271582,4530630.90211831,381.9720153808594,Upper Carboniferous Volcanics,1.0
-703107.1238977923,4530623.600660788,391.18402099609375,Upper Carboniferous Volcanics,1.0
-703007.361231218,4530619.727157604,390.156005859375,Upper Carboniferous Volcanics,1.0
-702907.8608394525,4530629.076717638,377.89202880859375,Upper Carboniferous Volcanics,1.0
-702808.1963349609,4530634.41270246,366.2840270996094,Upper Carboniferous Volcanics,1.0
-702708.2908798521,4530637.106264522,361.0840148925781,Upper Carboniferous Volcanics,1.0
-702608.4652157199,4530642.584170938,352.9320068359375,Upper Carboniferous Volcanics,1.0
-702508.5561224358,4530646.405778728,349.72003173828125,Upper Carboniferous Volcanics,1.0
-702408.6966130721,4530650.818078959,344.8720092773437,Upper Carboniferous Volcanics,1.0
-702308.913354797,4530655.639914368,341.6120300292969,Upper Carboniferous Volcanics,1.0
-700285.4920993365,4530722.452661049,392.5480041503906,Upper Carboniferous Volcanics,1.0
-700185.7578473333,4530715.850676076,401.3480224609375,Upper Carboniferous Volcanics,1.0
-700086.6010938672,4530703.169236244,407.87200927734375,Upper Carboniferous Volcanics,1.0
-699987.2733342438,4530692.484735017,410.0880126953125,Upper Carboniferous Volcanics,1.0
-699887.3619882825,4530689.454837653,414.37799072265625,Upper Carboniferous Volcanics,1.0
-699787.4210162644,4530688.836408081,415.4240112304688,Upper Carboniferous Volcanics,1.0
-699471.250915946,4530636.879783076,399.8190307617188,Upper Carboniferous Volcanics,1.0
-699376.0106509374,4530609.415236668,391.3767700195313,Upper Carboniferous Volcanics,1.0
-699279.0984974696,4530585.27764625,390.7400207519531,Upper Carboniferous Volcanics,1.0
-699180.7117498711,4530567.969052226,386.447021484375,Upper Carboniferous Volcanics,1.0
-699081.1670361867,4530571.446975448,385.5830078125,Upper Carboniferous Volcanics,1.0
-698981.6368069362,4530580.210226483,380.5910034179688,Upper Carboniferous Volcanics,1.0
-698881.9464059297,4530573.500200095,381.4272766113281,Upper Carboniferous Volcanics,1.0
-698782.3021426391,4530566.689377203,378.0400085449219,Upper Carboniferous Volcanics,1.0
-698764.7555624192,4530582.023274462,379.4790344238281,Upper Carboniferous Volcanics,1.0
-698863.8682979845,4530595.215166468,380.65228271484375,Upper Carboniferous Volcanics,1.0
-698963.2213230305,4530605.222664653,382.2210083007813,Upper Carboniferous Volcanics,1.0
-699062.9572247998,4530611.98642102,383.52001953125,Upper Carboniferous Volcanics,1.0
-699162.7736344205,4530611.2538495725,387.7080078125,Upper Carboniferous Volcanics,1.0
-698546.0961126263,4530845.509764689,390.531005859375,Upper Carboniferous Volcanics,1.0
-698449.9022655728,4530818.301424614,381.60302734375,Upper Carboniferous Volcanics,1.0
-698351.8583626234,4530798.956456812,376.7220153808594,Upper Carboniferous Volcanics,1.0
-698252.4184310995,4530788.9005016405,374.8200073242188,Upper Carboniferous Volcanics,1.0
-698154.0486393075,4530771.018954514,370.7440185546875,Upper Carboniferous Volcanics,1.0
-698058.3452322558,4530742.986758847,369.3960266113281,Upper Carboniferous Volcanics,1.0
-697965.7330728519,4530705.466859496,371.6640319824219,Upper Carboniferous Volcanics,1.0
-697872.4134353577,4530669.744831305,363.5400085449219,Upper Carboniferous Volcanics,1.0
-697777.7911492466,4530637.533119866,354.6000061035156,Upper Carboniferous Volcanics,1.0
-697680.9270493966,4530614.762334707,359.0040283203125,Upper Carboniferous Volcanics,1.0
-697581.1852737019,4530615.909540072,360.3730163574219,Upper Carboniferous Volcanics,1.0
-697484.1808664263,4530639.645928239,361.8200073242188,Upper Carboniferous Volcanics,1.0
-697388.0340186687,4530666.57513001,361.9360046386719,Upper Carboniferous Volcanics,1.0
-697298.5486514322,4530711.164596496,359.4360046386719,Upper Carboniferous Volcanics,1.0
-697215.4973171911,4530766.594818717,324.8890075683594,Upper Carboniferous Volcanics,1.0
-697131.7619662983,4530821.137798467,308.0032653808594,Upper Carboniferous Volcanics,1.0
-697049.2764412559,4530877.442337041,299.0010070800781,Upper Carboniferous Volcanics,1.0
-696971.0827768878,4530939.7568989815,289.2560119628906,Upper Carboniferous Volcanics,1.0
-701164.8220116356,4529591.61056574,383.8730163574219,Upper Carboniferous Volcanics,1.0
-701083.7826644848,4529623.827544602,388.1240234375,Upper Carboniferous Volcanics,1.0
-700986.980505673,4529647.230496279,396.6600341796875,Upper Carboniferous Volcanics,1.0
-700894.6191076621,4529685.495274078,396.3450317382813,Upper Carboniferous Volcanics,1.0
-700808.839413711,4529736.521705021,383.6200256347656,Upper Carboniferous Volcanics,1.0
-700723.3137290113,4529762.216622427,366.7560119628906,Upper Carboniferous Volcanics,1.0
-700711.8043126508,4529728.347485767,367.02001953125,Upper Carboniferous Volcanics,1.0
-700798.6100456076,4529678.87937614,380.5230102539063,Upper Carboniferous Volcanics,1.0
-700890.1756959155,4529638.68327975,389.1725158691406,Upper Carboniferous Volcanics,1.0
-700984.2136584186,4529607.115707501,393.0400085449219,Upper Carboniferous Volcanics,1.0
-701083.5862552186,4529599.557439351,385.280029296875,Upper Carboniferous Volcanics,1.0
-701163.2730451616,4529609.48848781,387.2687683105469,Upper Carboniferous Volcanics,1.0
-692799.0230178357,4530655.479209579,207.1712646484375,Upper Carboniferous Volcanics,1.0
-692868.9664717559,4530726.948876247,208.77200317382807,Upper Carboniferous Volcanics,1.0
-692942.1312360329,4530795.077174491,203.2360076904297,Upper Carboniferous Volcanics,1.0
-693017.7354253975,4530860.52949722,202.3880157470703,Upper Carboniferous Volcanics,1.0
-693091.8283952904,4530927.603061958,202.66400146484372,Upper Carboniferous Volcanics,1.0
-693080.606608753,4530854.161782683,207.3180084228516,Upper Carboniferous Volcanics,1.0
-693061.6868072754,4530756.292246634,207.07200622558597,Upper Carboniferous Volcanics,1.0
-692989.8692174824,4530699.331199328,203.74700927734372,Upper Carboniferous Volcanics,1.0
-692892.5254406931,4530676.953596212,208.27301025390625,Upper Carboniferous Volcanics,1.0
-692458.3312114559,4530322.398580072,200.0680084228516,Upper Carboniferous Volcanics,1.0
-692362.4930434788,4530294.421105578,200.08401489257807,Upper Carboniferous Volcanics,1.0
-692274.3684004924,4530251.116606149,200.3520050048828,Upper Carboniferous Volcanics,1.0
-692191.9971755584,4530194.511387331,200.00001525878903,Upper Carboniferous Volcanics,1.0
-692115.6790983829,4530129.965285511,198.6610107421875,Upper Carboniferous Volcanics,1.0
-692040.3893874468,4530064.361909812,198.6610107421875,Upper Carboniferous Volcanics,1.0
-691986.1034206197,4529984.72563468,198.1640167236328,Upper Carboniferous Volcanics,1.0
-692014.2815510391,4529957.2576536825,200.76400756835935,Upper Carboniferous Volcanics,1.0
-692086.9736857858,4530025.753111801,201.89599609375,Upper Carboniferous Volcanics,1.0
-692166.142962911,4530086.83746036,203.9640045166016,Upper Carboniferous Volcanics,1.0
-692249.8473335784,4530141.541122659,204.1700134277344,Upper Carboniferous Volcanics,1.0
-692328.7545802265,4530202.714627689,208.42800903320312,Upper Carboniferous Volcanics,1.0
-692401.9251387574,4530270.853041362,203.91200256347656,Upper Carboniferous Volcanics,1.0
-703729.4912772351,4528553.489728294,246.5640106201172,Upper Carboniferous Volcanics,1.0
-703635.1660163753,4528583.853062699,261.4560241699219,Upper Carboniferous Volcanics,1.0
-703538.5456779562,4528605.905890316,269.4440002441406,Upper Carboniferous Volcanics,1.0
-703441.195529874,4528627.520982963,270.3270263671875,Upper Carboniferous Volcanics,1.0
-703343.2134914199,4528646.511080005,272.1080017089844,Upper Carboniferous Volcanics,1.0
-703245.442635931,4528667.328520737,278.29400634765625,Upper Carboniferous Volcanics,1.0
-703210.9171678254,4528729.972211159,275.43951416015625,Upper Carboniferous Volcanics,1.0
-703301.4789617726,4528771.021428477,275.176025390625,Upper Carboniferous Volcanics,1.0
-703389.9031925063,4528817.080461898,273.1520080566406,Upper Carboniferous Volcanics,1.0
-703476.3624530486,4528865.337375313,249.2360076904297,Upper Carboniferous Volcanics,1.0
-703544.8298433918,4528901.093527358,263.2640075683594,Upper Carboniferous Volcanics,1.0
-703636.485169669,4528939.912644238,286.1520080566406,Upper Carboniferous Volcanics,1.0
-703734.1957893992,4528926.811721283,287.6080017089844,Upper Carboniferous Volcanics,1.0
-703826.8858568813,4528894.17350421,273.99200439453125,Upper Carboniferous Volcanics,1.0
-703888.9861923045,4528815.80200238,276.4120178222656,Upper Carboniferous Volcanics,1.0
-703965.232868005,4528766.181118012,270.69000244140625,Upper Carboniferous Volcanics,1.0
-704065.0800824682,4528767.520444234,257.04400634765625,Upper Carboniferous Volcanics,1.0
-704160.4025532436,4528796.944808142,254.4840087890625,Upper Carboniferous Volcanics,1.0
-704255.7245585098,4528827.123608804,263.5679931640625,Upper Carboniferous Volcanics,1.0
-704352.3726587303,4528852.745581599,250.9960174560547,Upper Carboniferous Volcanics,1.0
-704451.0321846867,4528839.701233627,255.11001586914065,Upper Carboniferous Volcanics,1.0
-704546.9822496056,4528811.604625144,261.1640014648437,Upper Carboniferous Volcanics,1.0
-704643.8549309844,4528786.865114705,266.8680114746094,Upper Carboniferous Volcanics,1.0
-704743.0551893002,4528780.622086183,280.72100830078125,Upper Carboniferous Volcanics,1.0
-704842.0745969311,4528793.715226929,271.8080139160156,Upper Carboniferous Volcanics,1.0
-704939.4820404497,4528816.113702631,275.7400207519531,Upper Carboniferous Volcanics,1.0
-705037.7070380031,4528834.31682267,286.7920227050781,Upper Carboniferous Volcanics,1.0
-705137.08145418,4528845.472126521,283.8960266113281,Upper Carboniferous Volcanics,1.0
-705236.7489339329,4528852.890550984,286.634033203125,Upper Carboniferous Volcanics,1.0
-705336.7224443809,4528850.674991753,288.0800170898437,Upper Carboniferous Volcanics,1.0
-705435.8378894848,4528859.372694121,286.3690185546875,Upper Carboniferous Volcanics,1.0
-705533.8068516012,4528877.970445079,296.0080261230469,Upper Carboniferous Volcanics,1.0
-705633.6549165483,4528879.283893981,285.6679992675781,Upper Carboniferous Volcanics,1.0
-705733.6104699393,4528878.126650738,282.0740051269531,Upper Carboniferous Volcanics,1.0
-705833.5655988203,4528881.061146438,282.2799987792969,Upper Carboniferous Volcanics,1.0
-705933.513130545,4528880.182210911,275.1600036621094,Upper Carboniferous Volcanics,1.0
-706032.9113172715,4528870.501461727,265.1080017089844,Upper Carboniferous Volcanics,1.0
-706063.3951921765,4528858.77326776,262.0880126953125,Upper Carboniferous Volcanics,1.0
-705964.9698633803,4528841.211178123,267.38702392578125,Upper Carboniferous Volcanics,1.0
-705869.1694250641,4528812.800931768,271.8160095214844,Upper Carboniferous Volcanics,1.0
-705775.8594284222,4528776.851853007,272.8519897460937,Upper Carboniferous Volcanics,1.0
-705775.1387896556,4528746.95930088,275.71002197265625,Upper Carboniferous Volcanics,1.0
-705874.0349451497,4528736.566650225,281.1960144042969,Upper Carboniferous Volcanics,1.0
-705973.468899806,4528746.832433957,272.5882568359375,Upper Carboniferous Volcanics,1.0
-706071.4879934854,4528766.341512107,263.1190185546875,Upper Carboniferous Volcanics,1.0
-706167.0379584746,4528795.651493456,259.926025390625,Upper Carboniferous Volcanics,1.0
-706260.0282237141,4528832.281742345,257.6930236816406,Upper Carboniferous Volcanics,1.0
-706350.1681672657,4528875.506668236,252.8800048828125,Upper Carboniferous Volcanics,1.0
-706443.1844841728,4528909.569132063,250.15000915527344,Upper Carboniferous Volcanics,1.0
-706540.7315172587,4528930.972568806,249.26400756835935,Upper Carboniferous Volcanics,1.0
-706636.1306810962,4528960.946190016,245.6680145263672,Upper Carboniferous Volcanics,1.0
-706729.4601785465,4528996.610993382,244.0380096435547,Upper Carboniferous Volcanics,1.0
-706831.8233018953,4529408.007616385,318.2400207519531,Upper Carboniferous Volcanics,1.0
-706736.8400418112,4529403.438667374,305.4320068359375,Upper Carboniferous Volcanics,1.0
-706664.8031172086,4529472.463000321,293.8680114746094,Upper Carboniferous Volcanics,1.0
-706585.6634713173,4529532.579229532,284.1010131835937,Upper Carboniferous Volcanics,1.0
-706510.9450646113,4529598.493971717,294.9800109863281,Upper Carboniferous Volcanics,1.0
-706430.9177195581,4529658.274466262,294.9040222167969,Upper Carboniferous Volcanics,1.0
-706354.9452229406,4529722.35790204,298.5760192871094,Upper Carboniferous Volcanics,1.0
-706274.36094357,4529780.387927258,300.00103759765625,Upper Carboniferous Volcanics,1.0
-706197.1857428614,4529842.325677976,304.7059936523437,Upper Carboniferous Volcanics,1.0
-706115.8619286427,4529897.744952445,307.364013671875,Upper Carboniferous Volcanics,1.0
-706108.8993404462,4529989.97940452,314.34002685546875,Upper Carboniferous Volcanics,1.0
-706165.6595863323,4530072.252241408,313.916015625,Upper Carboniferous Volcanics,1.0
-706224.3410234938,4530153.13530997,315.9530029296875,Upper Carboniferous Volcanics,1.0
-706257.2421708298,4530245.140059446,323.1200256347656,Upper Carboniferous Volcanics,1.0
-706320.8634264119,4530317.2085234765,314.2090148925781,Upper Carboniferous Volcanics,1.0
-706268.5867933515,4530358.642315419,315.1800231933594,Upper Carboniferous Volcanics,1.0
-706184.9349242325,4530303.961318047,324.2465209960937,Upper Carboniferous Volcanics,1.0
-706088.4337341025,4530282.187616178,321.38702392578125,Upper Carboniferous Volcanics,1.0
-705992.598120255,4530255.22914446,320.7300109863281,Upper Carboniferous Volcanics,1.0
-705895.1454754468,4530236.886388127,321.90802001953125,Upper Carboniferous Volcanics,1.0
-705795.4030483415,4530231.139778723,323.2240295410156,Upper Carboniferous Volcanics,1.0
-705706.2721054446,4530273.248771529,310.04949951171875,Upper Carboniferous Volcanics,1.0
-705655.7364111909,4530352.881932785,302.2890014648437,Upper Carboniferous Volcanics,1.0
-705720.800537498,4530425.3649899,296.6880187988281,Upper Carboniferous Volcanics,1.0
-705786.1212127622,4530501.050049879,293.7200012207031,Upper Carboniferous Volcanics,1.0
-705863.092132776,4530564.582351944,298.2640380859375,Upper Carboniferous Volcanics,1.0
-705828.0244480111,4530624.738820979,307.16802978515625,Upper Carboniferous Volcanics,1.0
-705740.0897925082,4530672.357056579,296.31201171875,Upper Carboniferous Volcanics,1.0
-705651.9386261745,4530719.569495129,296.52801513671875,Upper Carboniferous Volcanics,1.0
-705563.7726202473,4530766.750292863,298.17401123046875,Upper Carboniferous Volcanics,1.0
-705475.9745884831,4530814.619283019,305.1960144042969,Upper Carboniferous Volcanics,1.0
-705389.3713189045,4530864.524293743,305.10302734375,Upper Carboniferous Volcanics,1.0
-705304.6716810464,4530917.6550885895,307.1960144042969,Upper Carboniferous Volcanics,1.0
-705218.2894038542,4530967.998649438,307.4280090332031,Upper Carboniferous Volcanics,1.0
-705129.75578941,4531014.493642514,307.8800048828125,Upper Carboniferous Volcanics,1.0
-705044.7217310311,4531066.831079516,310.6800231933594,Upper Carboniferous Volcanics,1.0
-704961.4701950534,4531122.183954448,314.9040222167969,Upper Carboniferous Volcanics,1.0
-707498.2934220379,4548085.5552095575,423.0550231933594,Mid Carboniferous Shales,2.0
-707408.0943819298,4548128.637110416,419.4500122070313,Mid Carboniferous Shales,2.0
-707318.0925418242,4548172.215334624,429.0340270996094,Mid Carboniferous Shales,2.0
-707223.1030710923,4548202.037758475,429.3560180664063,Mid Carboniferous Shales,2.0
-707124.1484318812,4548209.594355589,424.1260070800781,Mid Carboniferous Shales,2.0
-707024.3049690172,4548205.102324793,408.8680114746094,Mid Carboniferous Shales,2.0
-706925.2499254089,4548193.106749329,409.4240112304688,Mid Carboniferous Shales,2.0
-706828.1886270876,4548169.120048786,392.24700927734375,Mid Carboniferous Shales,2.0
-706734.0115202738,4548135.494574036,406.4120178222656,Mid Carboniferous Shales,2.0
-706637.0513914184,4548111.27602999,404.2842712402344,Mid Carboniferous Shales,2.0
-706542.1559312582,4548099.074557018,395.96002197265625,Mid Carboniferous Shales,2.0
-706578.0522381826,4548192.409733394,407.072021484375,Mid Carboniferous Shales,2.0
-706613.9485451069,4548285.74490977,394.3597717285156,Mid Carboniferous Shales,2.0
-706649.8448520312,4548379.0800861465,396.60400390625,Mid Carboniferous Shales,2.0
-706685.7411589555,4548472.415262523,370.52001953125,Mid Carboniferous Shales,2.0
-706757.8803446393,4548518.183126954,344.4120178222656,Mid Carboniferous Shales,2.0
-706857.3951961732,4548528.021537608,348.0890197753906,Mid Carboniferous Shales,2.0
-706956.945542752,4548528.079505079,360.09600830078125,Mid Carboniferous Shales,2.0
-707056.6750423302,4548520.773428155,393.3080139160156,Mid Carboniferous Shales,2.0
-707156.6019359796,4548518.839088014,414.1600341796875,Mid Carboniferous Shales,2.0
-707256.5755114811,4548520.993137396,410.6360168457031,Mid Carboniferous Shales,2.0
-707356.0424344416,4548530.716756091,382.64202880859375,Mid Carboniferous Shales,2.0
-707455.7676414412,4548535.99855131,362.4240112304688,Mid Carboniferous Shales,2.0
-706471.635261689,4548969.311336957,341.23602294921875,Mid Carboniferous Shales,2.0
-706458.8514688772,4548870.131829793,340.3240051269531,Mid Carboniferous Shales,2.0
-706438.8410117008,4548777.9063707525,361.96002197265625,Mid Carboniferous Shales,2.0
-706340.2261276869,4548761.320091757,384.405029296875,Mid Carboniferous Shales,2.0
-706241.611243673,4548744.733812761,397.1640319824219,Mid Carboniferous Shales,2.0
-706145.0520417626,4548718.893503337,406.6480102539063,Mid Carboniferous Shales,2.0
-706048.1332645407,4548695.391705023,386.1740112304688,Mid Carboniferous Shales,2.0
-705948.3864481137,4548688.280262647,359.3800048828125,Mid Carboniferous Shales,2.0
-705888.2880774249,4548746.365635512,339.2680053710937,Mid Carboniferous Shales,2.0
-705836.9684686455,4548760.851779892,334.989990234375,Mid Carboniferous Shales,2.0
-705771.9153864683,4548684.903794407,338.1400146484375,Mid Carboniferous Shales,2.0
-705691.2183707595,4548627.684210884,354.8680114746094,Mid Carboniferous Shales,2.0
-705598.6777702718,4548590.244509775,359.5140075683594,Mid Carboniferous Shales,2.0
-705500.5483320509,4548571.165625672,349.70001220703125,Mid Carboniferous Shales,2.0
-705421.672240141,4548534.204193246,350.7860107421875,Mid Carboniferous Shales,2.0
-705399.8217782998,4548436.6206018105,352.6800231933594,Mid Carboniferous Shales,2.0
-705377.9713164587,4548339.037010375,357.8760070800781,Mid Carboniferous Shales,2.0
-705356.1208546174,4548241.453418941,367.4280090332031,Mid Carboniferous Shales,2.0
-705334.2703927762,4548143.869827506,376.6119995117188,Mid Carboniferous Shales,2.0
-705256.6647803998,4548111.754067582,359.5320129394531,Mid Carboniferous Shales,2.0
-705156.9150303415,4548104.8866125895,360.66802978515625,Mid Carboniferous Shales,2.0
-705057.4402640735,4548094.650848039,370.7400207519531,Mid Carboniferous Shales,2.0
-704957.9583624026,4548084.534685815,381.5640258789063,Mid Carboniferous Shales,2.0
-704857.9716554475,4548082.904215863,397.5670166015625,Mid Carboniferous Shales,2.0
-704757.9849484923,4548081.273745911,423.6040344238281,Mid Carboniferous Shales,2.0
-704657.998065947,4548079.654269988,428.93603515625,Mid Carboniferous Shales,2.0
-704558.0102878867,4548078.090863901,440.4720153808594,Mid Carboniferous Shales,2.0
-704458.0225098266,4548076.527457815,448.0600280761719,Mid Carboniferous Shales,2.0
-704358.0316451095,4548075.176959439,450.885009765625,Mid Carboniferous Shales,2.0
-704258.0550090752,4548075.356692547,446.7040100097656,Mid Carboniferous Shales,2.0
-704158.1075439351,4548078.597712767,454.0320129394531,Mid Carboniferous Shales,2.0
-704896.0056609085,4531167.187130979,319.20001220703125,Visean Shales,3.0
-704815.5222954752,4531178.600194393,322.864013671875,Visean Shales,3.0
-704733.1395836034,4531122.22936998,317.5320129394531,Visean Shales,3.0
-704642.3969281308,4531080.376350575,323.3590087890625,Visean Shales,3.0
-704550.9399844597,4531039.990239625,332.7560119628906,Visean Shales,3.0
-704459.1566719627,4531000.407156842,335.0360107421875,Visean Shales,3.0
-704363.825323471,4530970.391907211,335.8160095214844,Visean Shales,3.0
-704266.3406536413,4530948.4684720095,332.59600830078125,Visean Shales,3.0
-704167.5192599025,4530933.91869451,337.54803466796875,Visean Shales,3.0
-704068.2655919819,4530923.467650272,344.2120056152344,Visean Shales,3.0
-703969.4478454739,4530908.533525088,347.8080139160156,Visean Shales,3.0
-703872.2397218867,4530885.260071378,356.7430114746094,Visean Shales,3.0
-703773.1586781245,4530873.356148427,367.5600280761719,Visean Shales,3.0
-703676.3589673106,4530849.150128351,366.572021484375,Visean Shales,3.0
-703580.7182888003,4530819.992584826,380.7760314941406,Visean Shales,3.0
-703484.0128102162,4530794.574012309,378.8400268554688,Visean Shales,3.0
-703387.2963563802,4530769.649917152,379.7300109863281,Visean Shales,3.0
-700284.1337755551,4530722.62722467,392.5480041503906,Visean Shales,3.0
-700184.7123424682,4530732.928032698,401.3480224609375,Visean Shales,3.0
-700084.738075291,4530733.445839201,404.5520324707031,Visean Shales,3.0
-699984.7706557738,4530733.033496549,410.4040222167969,Visean Shales,3.0
-699885.0017129318,4530726.887861135,414.97503662109375,Visean Shales,3.0
-699786.1359707275,4530713.714323745,416.26800537109375,Visean Shales,3.0
-699471.250915946,4530636.879783076,399.8190307617188,Visean Shales,3.0
-699372.4138574861,4530621.906833384,392.4252624511719,Visean Shales,3.0
-699273.2961943143,4530626.277845579,388.6890258789063,Visean Shales,3.0
-698543.0131213006,4530846.206803588,390.531005859375,Visean Shales,3.0
-698445.347665334,4530867.50423273,384.7370300292969,Visean Shales,3.0
-698346.4132698406,4530881.873634239,382.12103271484375,Visean Shales,3.0
-698247.4603585269,4530895.822307664,378.1120300292969,Visean Shales,3.0
-698147.9720896889,4530905.547918553,378.4720153808594,Visean Shales,3.0
-698049.0499286074,4530919.809514832,376.5600280761719,Visean Shales,3.0
-697950.3893478527,4530936.066246584,377.1160278320313,Visean Shales,3.0
-697850.7595552763,4530944.092419984,366.3580017089844,Visean Shales,3.0
-697751.2926855782,4530954.4043428,360.4520263671875,Visean Shales,3.0
-697651.6303345714,4530962.457727826,338.5040283203125,Visean Shales,3.0
-697551.7914983506,4530967.826957896,325.2320251464844,Visean Shales,3.0
-697451.8061735763,4530969.540092392,314.780029296875,Visean Shales,3.0
-697351.8562151598,4530972.289366645,312.135009765625,Visean Shales,3.0
-697251.9092065314,4530973.7617573785,305.81201171875,Visean Shales,3.0
-697151.9471245192,4530974.680728153,297.5920104980469,Visean Shales,3.0
-697052.092847578,4530969.620217169,294.5460205078125,Visean Shales,3.0
-696952.5673201968,4530960.173507725,289.25201416015625,Visean Shales,3.0
-702497.1188356506,4530800.559838544,352.4640197753906,Visean Shales,3.0
-702415.5688618042,4530742.70929043,347.03302001953125,Visean Shales,3.0
-702333.5652598789,4530685.521745512,340.57501220703125,Visean Shales,3.0
